FullAddress,SID,PID,EXID,Service,Latitude,Longitude,Company,_overlaps
999 ROAD 11 POWELL WY 82435,946488,,,Outside of SAI,Null,Null,,Null
135 TA BI DR WASHAKIE WY 82401,945873,,23,Outside of SAI,Null,Null,Worland,1
1302 FIFTEEN MILE RD WASHAKIE WY 82401,910794,,23,Outside of SAI,Null,Null,Worland,1
1304 FIFTEEN MILE RD WASHAKIE WY 82401,919889,,23,Outside of SAI,Null,Null,Worland,1
173 TURKEY PAW RD SUNDANCE WY 82729,945998,,16,Outside of SAI,Null,Null,Worland,1
100 N 1ST ST HUDSON WY 82515,933926,,60,Outside of SAI,Null,Null,Sheridan,2
321 CAMBRIA CANYON RD NEWCASTLE WY 82701,945887,,17,Outside of SAI,Null,Null,Worland,1
431 CAVE SPRINGS RD NEWCASTLE WY 82701,946265,,17,Outside of SAI,Null,Null,Worland,1
245 CAMBRIA CANYON RD NEWCASTLE WY 82701,945886,,17,Outside of SAI,Null,Null,Worland,1
199 CAMBRIA CANYON RD NEWCASTLE WY 82701,945884,,17,Outside of SAI,Null,Null,Worland,1
24640 N HWY 85 FOUR CORNERS WY 82715,945863,,17,Outside of SAI,Null,Null,Worland,1
26408 OLD HIGHWAY 87 KAYCEE WY 82639,62058,,14,Outside of SAI,Null,Null,Worland,1
26 RED ROCK TRL DEVILS TOWER WY 82714,942450,,12,Outside of SAI,Null,Null,Worland,1
62 U CROSS LN BIRNEY MT 59012,338282,,27,Outside of SAI,45.435447,-106.418144,Forsyth,1
14045 HIGHWAY 212 ALZADA MT 59311,940200,,4,Outside of SAI,45.0099,-104.3341,Forsyth,1
8 HIGHWAY 436 WASHAKIE WY 82442,929569,,,Outside of SAI,Null,Null,,Null
1095 A ROAD 56 WASHAKIE WY 82442,910111,,,Outside of SAI,Null,Null,,Null
1291 AIRPORT RD WASHAKIE WY 82401,13785,,23,Outside of SAI,43.995745,-107.949723,Worland,1
1340 WAGNER RD MOORCROFT WY 82721,945640,,22,Outside of SAI,Null,Null,Worland,1
1155 OIL CITY RD OSAGE WY 82723,903114,,17,Outside of SAI,Null,Null,Worland,1
1307 LUPIN RD UPTON WY 82730,946584,,22,Outside of SAI,Null,Null,Worland,1
1325 LUPIN RD UPTON WY 82730,942478,,22,Outside of SAI,Null,Null,Worland,1
11 MOON CT SUNDANCE WY 82729,18615,,22,Outside of SAI,44.26512,-104.531577,Worland,1
457 LUPIN RD UPTON WY 82730,946264,,22,Outside of SAI,Null,Null,Worland,1
1453 LUPIN RD UPTON WY 82730,946216,,22,Outside of SAI,Null,Null,Worland,1
8 STELLA LN MOORCROFT WY 82721,946031,,22,Outside of SAI,Null,Null,Worland,1
188  KARA CIR SUNDANCE WY 82729,945972,,22,Outside of SAI,Null,Null,Worland,1
919 PENNYCRESS LN UPTON WY 82730,945875,,22,Outside of SAI,Null,Null,Worland,1
920 PENNYCRESS LN UPTON WY 82730,945349,,22,Outside of SAI,Null,Null,Worland,1
215 KARA CIR SUNDANCE WY 82729,18609,,22,Outside of SAI,44.266195,-104.550313,Worland,1
1329 WAGNER RD MOORCROFT WY 82721,945654,,22,Outside of SAI,Null,Null,Worland,1
1330 WAGNER RD MOORCROFT WY 82721,945653,,22,Outside of SAI,Null,Null,Worland,1
1332 WAGNER RD MOORCROFT WY 82721,945652,,22,Outside of SAI,Null,Null,Worland,1
1334 WAGNER RD MOORCROFT WY 82721,945651,,22,Outside of SAI,Null,Null,Worland,1
1336 WAGNER RD MOORCROFT WY 82721,945650,,22,Outside of SAI,Null,Null,Worland,1
1338 WAGNER RD MOORCROFT WY 82721,945649,,22,Outside of SAI,Null,Null,Worland,1
707 ARCH CREEK RD UPTON WY 82730,945634,,22,Outside of SAI,Null,Null,Worland,1
670 ARCH CREEK RD UPTON WY 82730,945633,,22,Outside of SAI,Null,Null,Worland,1
48 HOLLY AVE MOORCROFT WY 82721,944545,,22,Outside of SAI,Null,Null,Worland,1
76 HOLLY AVE MOORCROFT WY 82721,944288,,22,Outside of SAI,Null,Null,Worland,1
74 HOLLY AVE MOORCROFT WY 82721,944287,,22,Outside of SAI,Null,Null,Worland,1
109 MESQUITE TRL UPTON WY 82730,944153,,22,Outside of SAI,Null,Null,Worland,1
1284 UPTON FAIRVIEW RD UPTON WY 82730,19373,,22,Outside of SAI,43.874906,-104.605213,Worland,1
273 S STATE HIGHWAY 116 UPTON WY 82730,18755,,22,Outside of SAI,44.069794,-104.660001,Worland,1
Null,18419,,22,Outside of SAI,44.254761,-104.588286,Worland,1
60 OLIVER RD UPTON WY 82730,19412,,22,Outside of SAI,44.030158,-104.542316,Worland,1
638 WAGNER RD MOORCROFT WY 82730,19411,,22,Outside of SAI,44.197122,-104.725167,Worland,1
1742 S STATE HIGHWAY 116 UPTON WY 82730,19360,,22,Outside of SAI,43.90845,-104.806157,Worland,1
24 CEDAR PL MOORCROFT WY 82721,18612,,22,Outside of SAI,44.259748,-104.54549,Worland,1
176 KARA CIR SUNDANCE WY 82729,18611,,22,Outside of SAI,44.266107,-104.544032,Worland,1
196 KARA CIR SUNDANCE WY 82729,18610,,22,Outside of SAI,44.269538,-104.548483,Worland,1
320 KARA CIR SUNDANCE WY 82729,18608,,22,Outside of SAI,44.258066,-104.564839,Worland,1
365 KARA CIR SUNDANCE WY 82729,18607,,22,Outside of SAI,44.257084,-104.549632,Worland,1
171 WAKEFIELD RD UPTON WY 82730,18587,,22,Outside of SAI,44.347752,-104.592591,Worland,1
Null,18579,,22,Outside of SAI,43.893599,-104.627806,Worland,1
1423 COWBOY MINE RD THERMOPOLIS WY 82443,945495,,21,Outside of SAI,Null,Null,Worland,1
351 OWL CREEK QUARRY RD THERMOPOLIS WY 82443,63640,,21,Outside of SAI,Null,Null,Worland,1
231 OWL CREEK QUARRY RD THERMOPOLIS WY 82443,63641,,21,Outside of SAI,Null,Null,Worland,1
1058 TEE LN THERMOPOLIS WY 82443,946336,,21,Outside of SAI,Null,Null,Worland,1
221 OWL CREEK QUARRY RD THERMOPOLIS WY 82443,946178,,21,Outside of SAI,Null,Null,Worland,1
1173 HWY 20 S THERMOPOLIS WY 82443,946137,,21,Outside of SAI,Null,Null,Worland,1
138 HWY 120 W THERMOPOLIS WY 82443,942462,,21,Outside of SAI,Null,Null,Worland,1
Null,7509,,21,Outside of SAI,43.649813,-108.229109,Worland,1
153 CEDAR RIDGE DR THERMOPOLIS WY 82443,10008,,21,Outside of SAI,43.635708,-108.233288,Worland,1
Null,7720,,21,Outside of SAI,43.640961,-108.206427,Worland,1
1312 AIRPORT APRON RD THERMOPOLIS WY ,10322,,,Outside of SAI,43.7169082,-108.3790065,,Null
2530 HAMILTON DOME RD THERMOPOLIS WY ,10320,,,Outside of SAI,43.77301718,-108.5774596,,Null
365 HIGHWAY 20 S THERMOPOLIS WY 82443,10309,,21,Outside of SAI,43.600291,-108.211694,Worland,1
916 HWY 120 W THERMOPOLIS WY 82443,10302,,,Outside of SAI,43.70510724,-108.348035,,Null
1314 AIRPORT APRON RD THERMOPOLIS WY 82443,10286,,,Outside of SAI,43.71663698,-108.3794984,,Null
1316 AIRPORT APRON RD THERMOPOLIS WY 82443,10285,,,Outside of SAI,43.71629964,-108.3801257,,Null
1700 OWL CREEK RD THERMOPOLIS WY 82443,10260,,,Outside of SAI,43.7028703,-108.4866581,,Null
208 CARTER RANCH RD THERMOPOLIS WY 82433,10259,,21,Outside of SAI,43.628954,-108.205106,Worland,1
Null,41328,,,Outside of SAI,Null,Null,,Null
Null,41327,,,Outside of SAI,Null,Null,,Null
Null,41326,,,Outside of SAI,Null,Null,,Null
Null,41325,,,Outside of SAI,Null,Null,,Null
Null,41324,,,Outside of SAI,Null,Null,,Null
Null,41323,,,Outside of SAI,Null,Null,,Null
Null,41322,,,Outside of SAI,Null,Null,,Null
Null,41321,,,Outside of SAI,Null,Null,,Null
4331 OLD HIGHWAY 14 SUNDANCE WY 82729,943559,,78,Outside of SAI,Null,Null,Forsyth,3
167 HOMESTEAD LOOP HULETT WY 82720,945809,,12,Outside of SAI,Null,Null,Worland,1
999 BEARLODGE RANCH RD DEVILS TOWER WY 82714,945807,,78,Outside of SAI,Null,Null,Forsyth,3
18 GOLD RUSH TRL SUNDANCE WY 82729,945529,,22,Outside of SAI,Null,Null,Worland,1
878 BEARLODGE RANCH RD SUNDANCE WY 82729,50826,,78,Outside of SAI,44.49769,-104.534746,Forsyth,3
???? UNKNOWN DUP-20 SUNDANCE WY 82729,50719,,78,Outside of SAI,44.387989,-104.376986,Forsyth,3
263 MOONLIGHT AVE SUNDANCE WY 82729,50718,,78,Outside of SAI,44.388144,-104.376221,Forsyth,3
SUNDANCE MOUNTAIN SUNDANCE WY 82729,49708,,78,Outside of SAI,44.388513,-104.376234,Forsyth,3
212 MAIN SUNDANCE WY 82729,49709,,78,Outside of SAI,44.388693,-104.376234,Forsyth,3
115 QUEENS RD SUNDANCE WY 82729,50634,,78,Outside of SAI,44.532653,-104.281414,Forsyth,3
67 MOORHEAD RD BROADUS MT 59317,21169,,35,Outside of SAI,45.36993884,-105.504145,Forsyth,1
1003 CHERRY CREEK RD FORSYTH MT 59327,61123,,34,Outside of SAI,45.990282,-106.277926,Forsyth,1
2415 MAIN ST MILES CITY MT 59301,946255,,,Outside of SAI,Null,Null,,Null
Null,6815,,20,Outside of SAI,43.20106,-108.132615,Worland,1
160 HWY 130 LARAMIE WY 82070,903645,,,Outside of SAI,Null,Null,,Null
1831 US HWY 20 MANDERSON WY 82432,903169,,,Outside of SAI,Null,Null,,Null
1 FOREST SERVICE RD 432 LOT 1 TENSLEEP WY 82442,945681,,,Outside of SAI,Null,Null,,Null
222 N 32ND ST BILLINGS MT 59101,61544,,,Outside of SAI,45.7810511,-108.5125313,,Null
3011 2ND AVE N BILLINGS MT 59101,64092,,,Outside of SAI,Null,Null,,Null
782 SOLDIER CREEK RD UNIT C SHERIDAN WY 82801,945768,,,Outside of SAI,Null,Null,,Null
631 BECKTON RD DAYTON WY 82801,926361,,,Outside of SAI,Null,Null,,Null
25 EATON RANCH RD WOLF WY 82844,60947,,,Outside of SAI,44.799942,-107.213367,,Null
35 EATON RANCH RD WOLF WY 82844,60949,,,Outside of SAI,44.794564,-107.210478,,Null
270 EATON RANCH RD WOLF WY 82844,60948,,,Outside of SAI,44.771075,-107.237906,,Null
28 FOREST SERVICE 244 RD SHELL WY 82441,917732,,,Outside of SAI,Null,Null,,Null
251 FOREST SERVICE RD 17 SHELL WY 82441,942779,,,Outside of SAI,Null,Null,,Null
2300 SUNSET DR ROCK SPRINGS WY 82942,915124,,,Outside of SAI,Null,Null,,Null
215 D ST ROCK SPRINGS WY 82901,63668,,,Outside of SAI,Null,Null,,Null
1209 1-80 SERVICE RD ROCK SPRINGS WY 82901,923153,,,Outside of SAI,Null,Null,,Null
522 W BUFFALO RAWLINS WY 82301,63422,,,Outside of SAI,Null,Null,,Null
303 W SPRUCE ST RAWLINS WY 82301,934074,,,Outside of SAI,Null,Null,,Null
221 THIRD ST RAWLINS WY 82301,924442,,,Outside of SAI,Null,Null,,Null
1724 E CEDAR ST RAWLINS WY 82301,936030,,,Outside of SAI,Null,Null,,Null
1208 W SPRUCE RAWLINS WY 82301,63679,,,Outside of SAI,Null,Null,,Null
1100 WAGON CIRCLE DR RAWLINS WY 82301,932079,,,Outside of SAI,Null,Null,,Null
3850 TOWER RD RAPID CITY  SD 57701,945339,,,Outside of SAI,Null,Null,,Null
184 INTERSTATE 80 WAMSUTTER WY 82301,930873,,,Outside of SAI,Null,Null,,Null
4550 US HIGHWAY 26-85 TORRINGTON WY 82240,923155,,,Outside of SAI,Null,Null,,Null
2211 ELK RIVER RD STEAMBOAT SPRINGS WY 80487,935012,,,Outside of SAI,Null,Null,,Null
409 S 32ND ST SPEARFISH SD 57783,944133,,,Outside of SAI,Null,Null,,Null
5401 S SOLBERG AVE SIOUX FALLS WY 57108,914531,,,Outside of SAI,Null,Null,,Null
303 E ILLINOIS SIDNEY NE 69162,63206,,,Outside of SAI,Null,Null,,Null
1433 ILLINOIS SIDNEY NE 69162,63205,,,Outside of SAI,Null,Null,,Null
782 SOLDIER CREEK RD UNIT B SHERIDAN WY 82801,939568,,,Outside of SAI,Null,Null,,Null
782 SOLDIER CREEK RD SHERIDAN WY 82801,60341,,,Outside of SAI,44.787787,-107.165906,,Null
600 HWY 14 E SHERIDAN WY 82801,916964,,41,Outside of SAI,Null,Null,Sheridan,1
32 WILD HOLLOW RD SHERIDAN WY 82801,60992,,41,Outside of SAI,44.847288,-106.967993,Sheridan,1
56 HALFWAY LN RANCHESTER WY 82839,929392,,,Outside of SAI,Null,Null,,Null
427 MOBILE CIR RANCHESTER WY 82839,60301,,,Outside of SAI,44.906086,-107.166056,,Null
38 MONARCH RD RANCHESTER WY 82839,932130,,,Outside of SAI,Null,Null,,Null
320 EARLY CREEK RD RANCHESTER WY 82839,930286,,,Outside of SAI,Null,Null,,Null
31 RIVER RD RANCHESTER WY 82839,905597,,,Outside of SAI,Null,Null,,Null
308 EARLY CREEK RD RANCHESTER WY 82839,908061,,,Outside of SAI,Null,Null,,Null
34 US HIGHWAY 30 HANNA WY 82327,931756,,,Outside of SAI,Null,Null,,Null
1336 HWY 345 RANCHESTER WY 82839,914117,,,Outside of SAI,Null,Null,,Null
1181 HWY 345 RANCHESTER WY 82839,918209,,,Outside of SAI,Null,Null,,Null
114 KLEENBURN RD RANCHESTER WY 82839,936532,,,Outside of SAI,Null,Null,,Null
1104 BIG HORN DR RANCHESTER WY 82839,928991,,,Outside of SAI,Null,Null,,Null
7 REPAC LN RANCHESTER WY 82839,915875,,,Outside of SAI,Null,Null,,Null
100 NEWPORT AVE QUINCY MA 02171,921016,,,Outside of SAI,Null,Null,,Null
151 E 1ST ST POWELL WY 82435,931301,,,Outside of SAI,Null,Null,,Null
240 E PINE ST PINEDALE WY 82941,945031,,,Outside of SAI,Null,Null,,Null
144 EHMAN LN PINEDALE WY 82941,922500,,,Outside of SAI,Null,Null,,Null
1010 WILSON ST PINEDALE WY 82941,934390,,,Outside of SAI,Null,Null,,Null
10283 STATE HWY 233 KEMMERER WY,905755,,,Outside of SAI,Null,Null,,Null
625 E BROADWAY AVE JACKSON WY 83002,904647,,,Outside of SAI,Null,Null,,Null
420 N CACHE ST JACKSON WY 83002,913970,,,Outside of SAI,Null,Null,,Null
405 POWDERHORN LANE JACKSON WY 83002,931582,,,Outside of SAI,Null,Null,,Null
460 PARK AVE IDAHO FALLS ID 83402,915626,,,Outside of SAI,Null,Null,,Null
710 INDUSTRIAL AVE GREYBULL WY 82426,931115,,,Outside of SAI,Null,Null,,Null
325 1ST AVE N GREYBULL WY 82426,926694,,,Outside of SAI,Null,Null,,Null
18815 85TH PLACE MAPLE GROVE MN 55311,920083,,,Outside of SAI,Null,Null,,Null
451 SHOSHONE AVE LOVELL WY 82431,912673,,,Outside of SAI,Null,Null,,Null
284 E MAIN ST LOVELL WY 82431,926052,,,Outside of SAI,Null,Null,,Null
21018 CALAMITY GULCH LN LEAD SD 57754,60791,,,Outside of SAI,44.364625,-103.927183,,Null
4408 FETTERMAN GARRETT WY 82058,902959,,,Outside of SAI,Null,Null,,Null
1850 PEARL ST DENVER CO 80203,926987,,,Outside of SAI,Null,Null,,Null
2201 17TH ST CODY WY 82414,910616,,,Outside of SAI,Null,Null,,Null
153 HIDDEN VALLEY RD CODY WY 82414,905952,,,Outside of SAI,Null,Null,,Null
350 E CERMAK RD CHICAGO IL 60616,940257,,,Outside of SAI,Null,Null,,Null
904 PARADISE RD BOULDER WY 82923,927211,,,Outside of SAI,Null,Null,,Null
1101 ANTELOPE DR BAROIL WY 82322,60542,,,Outside of SAI,42.237934,-107.561832,,Null
314 S WASHINGTON ST AFTON WY 83110,940254,,,Outside of SAI,Null,Null,,Null
101 TEINI RD ROBERTS MT 59070,937447,,,Outside of SAI,Null,Null,,Null
328 LUOMA RANCH RD RED LODGE MT 59068,914131,,,Outside of SAI,Null,Null,,Null
3 WEST FORK DRAW RED LODGE MT 59068,903424,,,Outside of SAI,Null,Null,,Null
19 GREENOUGH LN RED LODGE MT 59068,937196,,,Outside of SAI,Null,Null,,Null
151 FOX RD RED LODGE MT 59068,922324,,,Outside of SAI,Null,Null,,Null
500 W BROADWAY ST MISSOULA MT 59802,945227,,,Outside of SAI,Null,Null,,Null
1221 NORTH RUSSELL STREET MISSOULA MT 89808,925186,,,Outside of SAI,Null,Null,,Null
28287 BLIXIT CREEK RD BONNER MT 59823,945100,,,Outside of SAI,Null,Null,,Null
2 N RAIL RD BANNER WY 82832,913732,,41,Outside of SAI,Null,Null,Sheridan,1
199 MURPHY GULCH RD BANNER WY 82832,934535,,,Outside of SAI,Null,Null,,Null
13 BUFFALO RUN DR SHERIDAN WY 82832,928915,,41,Outside of SAI,Null,Null,Sheridan,1
8070 HWY 14 DAYTON WY 82836,906732,,,Outside of SAI,Null,Null,,Null
7979 HWY 14 DAYTON WY 82836,921923,,,Outside of SAI,Null,Null,,Null
6002 HWY 14 DAYTON WY 82836,916631,,,Outside of SAI,Null,Null,,Null
431 BARKER RD RANCHESTER WY 82839,911402,,,Outside of SAI,Null,Null,,Null
402 SMITH CREEK RD DAYTON WY 82836,931468,,,Outside of SAI,Null,Null,,Null
1 SIBLEY LAKE FOREST SERVICE RD LOT 11 DAYTON WY 82836,942405,,,Outside of SAI,Null,Null,,Null
9 CRYSTAL RD Dayton WY 82836,877964,,,Outside of SAI,Null,Null,,Null
33 BOULDER REARING STATION RD BOULDER WY 82923,903053,,,Outside of SAI,Null,Null,,Null
50 OIL FIELD RD SUMATRA MT,940674,,,Outside of SAI,Null,Null,,Null
239 I-90 FRONTAGE RD DRUMMOND MT,940252,,,Outside of SAI,Null,Null,,Null
1112 HWY 14 E SHERIDAN WY 82832,928673,,41,Outside of SAI,44.6504,-106.8247,Sheridan,1
92 W VEDAUWOO BUFORD WY 82052,64810,,,Outside of SAI,Null,Null,,Null
4622 HWY 14 DAYTON WY 82836,61386,,,Outside of SAI,44.753809,-107.504565,,Null
1717 E INTERSTATE AVE BISMARCK ND 58503,64309,,,Outside of SAI,46.835098,-100.764851,,Null
221 E PINE ST PINEDALE WY 82941,907395,,,Outside of SAI,Null,Null,,Null
86100 HWY 87 LEWISTOWN MT 59457,64854,,,Outside of SAI,Null,Null,,Null
224 W MAIN ST LEWISTOWN MT 59457,902933,,,Outside of SAI,Null,Null,,Null
1400 HEART MOUNTAIN ST CODY WY 82414,64790,,,Outside of SAI,Null,Null,,Null
1801 US HWY 310 LOVELL WY 82431,64633,,,Outside of SAI,Null,Null,,Null
4583 HWY 14 W DAYTON WY 82836,64259,,,Outside of SAI,44.753867,-107.504653,,Null
267 FOREST SERVICE RD 13 SHELL WY 82441,64784,,,Outside of SAI,Null,Null,,Null
1176 BIG GOOSE RD SHERIDAN WY 82801,63744,,,Outside of SAI,44.724026,-107.139027,,Null
6 SOLDIER CREEK RD SHERIDAN WY 82801,34089,,41,Outside of SAI,44.816136,-107.021591,Sheridan,1
650 E US HWY 14 SHERIDAN WY 82801,34051,,41,Outside of SAI,44.71090436,-106.8609755,Sheridan,1
501 E US HWY 14 SHERIDAN WY 82801,34050,,41,Outside of SAI,44.73161332,-106.8727839,Sheridan,1
150 PENO RD SHERIDAN WY 82801,34087,,41,Outside of SAI,44.78169946,-106.8978842,Sheridan,1
682 HWY 14 E SHERIDAN WY 82801,909017,,41,Outside of SAI,Null,Null,Sheridan,1
558 US HWY 14 E SHERIDAN WY 82801,933512,,41,Outside of SAI,Null,Null,Sheridan,1
902 11 LANDER WY 82520,932753,,,Outside of SAI,Null,Null,,Null
745 BUENA VISTA DR LANDER WY 82520,935950,,,Outside of SAI,Null,Null,,Null
72 SQUAW CREEK CT LANDER WY 82520,912007,,,Outside of SAI,Null,Null,,Null
565 SHOSHONE AV LANDER WY 82520,918553,,,Outside of SAI,Null,Null,,Null
53 N FORK RD LANDER WY 82520,933187,,,Outside of SAI,Null,Null,,Null
260 BUENA VISTA DR LANDER WY 82520,914015,,,Outside of SAI,Null,Null,,Null
201 N 4 LANDER WY 82520,903644,,,Outside of SAI,Null,Null,,Null
147 ST CLAIR SPUR LANDER WY 82520,914200,,60,Outside of SAI,Null,Null,Sheridan,2
1320 BISHOP RANDALL DR LANDER WY 82520,916221,,,Outside of SAI,Null,Null,,Null
111 RED CANYON RD LANDER WY 82520,926743,,,Outside of SAI,Null,Null,,Null
10201 HWY 287 LANDER WY 82520,905101,,60,Outside of SAI,Null,Null,Sheridan,2
523 NORTH FORK RD FORT WASHAKIE WY 82514,925697,,60,Outside of SAI,Null,Null,Sheridan,2
505 HURSH ST RIVERTON WY 82501,915451,,60,Outside of SAI,Null,Null,Sheridan,2
3850 AIRPORT RD RIVERTON WY 82501,914449,,60,Outside of SAI,Null,Null,Sheridan,2
230 W MAIN RIVERTON WY 82501,918541,,60,Outside of SAI,Null,Null,Sheridan,2
2203 W MAIN RIVERTON WY 82501,922619,,60,Outside of SAI,Null,Null,Sheridan,2
220 E MAIN RIVERTON WY 82501,928078,,60,Outside of SAI,Null,Null,Sheridan,2
2100 W SUNSET DR RIVERTON WY 82501,912464,,60,Outside of SAI,Null,Null,Sheridan,2
205 S BROADWAY AV RIVERTON WY 82501,915494,,60,Outside of SAI,Null,Null,Sheridan,2
1602 W MAIN RIVERTON WY 82501,904083,,60,Outside of SAI,Null,Null,Sheridan,2
267 TROUT CREEK RD FORT WASHAKIE WY 82514,931334,,60,Outside of SAI,42.9803,-108.9254,Sheridan,2
ETHETE WY ,48300,,60,Outside of SAI,Null,Null,Sheridan,2
FT WASHAKIE WY ,48296,,60,Outside of SAI,Null,Null,Sheridan,2
4830 COUNTY ROAD 217 BURNS WY 82053,944707,,9,Outside of SAI,Null,Null,Worland,1
1500 COUNTY ROAD 161 PINE BLUFFS WY 82082,5939,,19,Outside of SAI,41.215509,-104.119989,Worland,1
491 PARMLEE CANYON RD FOUR CORNERS WY 82715,64357,,17,Outside of SAI,Null,Null,Worland,1
423 SUNDOWN TRL UPTON WY 82730,937469,,17,Outside of SAI,Null,Null,Worland,1
141 SKULL CREEK RD OSAGE WY 82723,63825,,18,Outside of SAI,Null,Null,Worland,1
1330 SKULL CREEK RD OSAGE WY 82723,940734,,17,Outside of SAI,Null,Null,Worland,1
Null,29685,,22,Outside of SAI,43.908704,-104.549662,Worland,1
62 PLEVNA RD EKALAKA MT 59324,940901,,,Outside of SAI,Null,Null,,Null
399 CAVE SPRINGS RD NEWCASTLE WY 82701,946519,,17,Outside of SAI,Null,Null,Worland,1
10427 TWO TRACK TRL EDGEMONT SD 57735,63681,,17,Outside of SAI,Null,Null,Worland,1
363 MALLO RD FOUR CORNERS WY 82715,946007,,17,Outside of SAI,Null,Null,Worland,1
537 WILDWOOD RD NEWCASTLE WY 82701,945774,,17,Outside of SAI,Null,Null,Worland,1
1502 WILDWOOD RD NEWCASTLE WY 82701,945639,,17,Outside of SAI,Null,Null,Worland,1
115 BERDAHL RD FOUR CORNERS WY 82715,945553,,17,Outside of SAI,Null,Null,Worland,1
12 BERDAHL RD FOUR CORNERS WY 82715,945552,,17,Outside of SAI,Null,Null,Worland,1
303 WILDWOOD RD NEWCASTLE WY 82701,945536,,17,Outside of SAI,Null,Null,Worland,1
769 WILDWOOD RD NEWCASTLE WY 82701,945301,,17,Outside of SAI,Null,Null,Worland,1
127 BRIDLE BIT RD NEWCASTLE WY 82701,945168,,17,Outside of SAI,Null,Null,Worland,1
1070 OLD HIGHWAY 85 RD NEWCASTLE WY 82701,944996,,17,Outside of SAI,Null,Null,Worland,1
671 OLD HIGHWAY 85 NEWCASTLE WY 82701,944673,,17,Outside of SAI,Null,Null,Worland,1
22503 US HIGHWAY 85 NEWCASTLE WY 82701,944672,,17,Outside of SAI,Null,Null,Worland,1
442 TWILIGHT DR FOUR CORNERS WY 82715,944617,,17,Outside of SAI,Null,Null,Worland,1
164 KENWOOD DR NEWCASTLE WY 82701,64157,,17,Outside of SAI,Null,Null,Worland,1
48 MUSSER RD NEWCASTLE WY 82701,64546,,17,Outside of SAI,43.858063,-104.181118,Worland,1
36 MUSSER RD NEWCASTLE WY 82701,28133,,17,Outside of SAI,43.855475,-104.180293,Worland,1
188 KENWOOD DR NEWCASTLE WY 82701,28697,,17,Outside of SAI,43.83454,-104.227012,Worland,1
184 KENWOOD DR NEWCASTLE WY 82701,28699,,17,Outside of SAI,43.835547,-104.227381,Worland,1
1012 DEWEY RD NEWCASTLE WY 82701,29227,,,Outside of SAI,Null,Null,,Null
138 BRIDLE BIT RD NEWCASTLE WY 82701,29170,,17,Outside of SAI,43.889775,-104.21251,Worland,1
Null,26238,,,Outside of SAI,Null,Null,,Null
Null,26237,,,Outside of SAI,Null,Null,,Null
Null,26228,,,Outside of SAI,Null,Null,,Null
1493 OLD SUNDANCE RD MOORCROFT WY 82721,946560,,16,Outside of SAI,Null,Null,Worland,1
69 THORN DIVIDE RD MOORCROFT WY 82721,945868,,16,Outside of SAI,Null,Null,Worland,1
21 307 ROBERTS CT MOORCROFT WY 82721,946512,,16,Outside of SAI,Null,Null,Worland,1
39 LOFTY RIDGE LN MOORCROFT WY 82721,946513,,16,Outside of SAI,Null,Null,Worland,1
124 JUNIPER HILLS RD MOORCROFT WY 82721,946397,,16,Outside of SAI,Null,Null,Worland,1
2006 BUFFALO REEK RD MOORCROFT WY 82721,946362,,16,Outside of SAI,Null,Null,Worland,1
1946 BUFFALO CREEK RD MORRCROFT WY 82721,946363,,16,Outside of SAI,Null,Null,Worland,1
1948 BUFFALO CREEK RD MORRCROFT WY 82721,946364,,16,Outside of SAI,Null,Null,Worland,1
1949 BUFFALO CREEK RD MORRCROFT WY 82721,946365,,16,Outside of SAI,Null,Null,Worland,1
1945 BUFFALO CREEK RD MORRCROFT WY 82721,946366,,16,Outside of SAI,Null,Null,Worland,1
1985 BUFFALO CREEK RD MORRCROFT WY 82721,946367,,16,Outside of SAI,Null,Null,Worland,1
1947 BUFFALO CREEK RD MOORCROFT WY 82721,946368,,16,Outside of SAI,Null,Null,Worland,1
286 ASTIN RD MOORCROFT WY 82721,946161,,16,Outside of SAI,Null,Null,Worland,1
127 SAND HILLS RD MOORCROFT WY 82721,946065,,16,Outside of SAI,Null,Null,Worland,1
99 JUNIPER HILLS RD MOORCROFT WY 82721,946064,,16,Outside of SAI,Null,Null,Worland,1
91 JUNIPER HILLS RD MOORCROFT WY 82721,946063,,16,Outside of SAI,Null,Null,Worland,1
118 OIL BUTTE CIR MOORCROFt WY 82721,945971,,16,Outside of SAI,Null,Null,Worland,1
63 HB DR MORRCROFT WY 82721,945910,,16,Outside of SAI,Null,Null,Worland,1
89 HB DR MORRCROFT WY 82721,945909,,16,Outside of SAI,Null,Null,Worland,1
231 OIL BUTTE CIR MOORCROFT WY 82721,18181,,16,Outside of SAI,44.461301,-104.874036,Worland,1
99 STRONG LN MOORCROFT WY 82721,945462,,16,Outside of SAI,Null,Null,Worland,1
18 LOFTY RIDGE LN MOORCROFT WY 82721,945434,,16,Outside of SAI,Null,Null,Worland,1
24 LONDYN LN MOORCROFT WY 82721,945402,,22,Outside of SAI,Null,Null,Worland,1
136 OIL BUTTE CR MOORCROFT WY 82721,945325,,16,Outside of SAI,Null,Null,Worland,1
120 SAND HILLS RD MOORCROFT WY 82721,945187,,16,Outside of SAI,Null,Null,Worland,1
185 OIL BUTTE CREEK CIR MOORCROFT WY 82721,944995,,16,Outside of SAI,Null,Null,Worland,1
64 LONDYN LN MORRCROFT WY 82721,944722,,16,Outside of SAI,Null,Null,Worland,1
56 LONDYN LN MORRCROFT WY 82721,944721,,16,Outside of SAI,Null,Null,Worland,1
7 LONGHORN RD MOORCROFT WY 82721,944563,,16,Outside of SAI,Null,Null,Worland,1
5 HOVE RD. MOORCROFT WY 82721,944102,,16,Outside of SAI,Null,Null,Worland,1
14 BLUE BIRD RD. MOORCROFT WY 82721,944100,,16,Outside of SAI,Null,Null,Worland,1
213 PINE RIDGE RD. MOORCROFT WY 82721,944101,,16,Outside of SAI,Null,Null,Worland,1
17773 US HIGHWAY 14 MOORCROFT WY 82721,942133,,16,Outside of SAI,Null,Null,Worland,1
25 FROSTY LN MOOCROFT WY 82721,940760,,16,Outside of SAI,Null,Null,Worland,1
3 LOFTY RIDGE LN MOORCROFT WY 82721,18195,,16,Outside of SAI,44.283124,-104.946174,Worland,1
32 JUNIPER HILLS RD MOORCROFT WY 82721,16960,,16,Outside of SAI,44.319507,-104.816703,Worland,1
Null,16762,,16,Outside of SAI,44.330054,-104.754078,Worland,1
248 OIL BUTTE CIR MOORCROFT WY 82721,18202,,16,Outside of SAI,44.457775,-104.873207,Worland,1
36 LONG HORN MOORCROFT WY 82721,18198,,16,Outside of SAI,44.301317,-104.798719,Worland,1
49 HB DR MOORCROFT WY 82721,18197,,16,Outside of SAI,44.29224,-104.944361,Worland,1
76 IRON RUN RD MOORCROFT WY 82721,18194,,16,Outside of SAI,44.307456,-104.746359,Worland,1
47 FROSTY LN MOORCROFT WY 82721,18190,,16,Outside of SAI,44.312082,-104.815094,Worland,1
516 D RD MOORCROFT WY 82721,18182,,16,Outside of SAI,44.349095,-104.958341,Worland,1
25 IRON RUN RD MOORCROFT WY 82721,18173,,16,Outside of SAI,44.313329,-104.747793,Worland,1
7 N DELTA DR MOORCROFT WY 82721,18163,,16,Outside of SAI,44.295402,-104.948343,Worland,1
13 LARKSPUR LN MOORCROFT WY 82721,18154,,16,Outside of SAI,44.323791,-104.814881,Worland,1
13 LONESOME DOVE LN MOORCROFT WY 82721,17463,,16,Outside of SAI,44.302146,-104.797057,Worland,1
61 JUNIPER HILLS RD MOORCROFT WY 82721,17462,,16,Outside of SAI,44.321956,-104.811961,Worland,1
Null,16727,,16,Outside of SAI,44.378021,-104.727897,Worland,1
Null,16623,,16,Outside of SAI,44.405854,-104.833242,Worland,1
8724 E SALT CREEK RD EDGERTON WY 82635,939082,,15,Outside of SAI,43.406993,-106.190193,Worland,1
11182 HWY 387 MIDWEST WY 82643,25637,,15,Outside of SAI,43.550719,-106.15749,Worland,1
38150 MIDWEST GAS PLANT RD MIDWEST WY 82643,25648,,15,Outside of SAI,43.395527,-106.304251,Worland,1
451 TISDALE MOUNTAIN RD MIDWEST WY 82643,25638,,15,Outside of SAI,43.494206,-106.515578,Worland,1
Null,25596,,15,Outside of SAI,43.35768,-106.288616,Worland,1
39089 HY 212 LAME DEER MT 59043,31690,,31,Outside of SAI,45.62746222,-106.7224502,Forsyth,1
WHAT STREET DUP-3 LAME DEER MT,31919,,31,Outside of SAI,45.62878552,-106.5106851,Forsyth,1
UNKNOWN DUP-35 LAME DEER MT 59043,31868,,31,Outside of SAI,45.62874442,-106.5045766,Forsyth,1
1909 SUSSEX RD KAYCEE WY 82639,16350,,14,Outside of SAI,43.703579,-106.308902,Worland,1
1279 ELKHORN RUN FOUR CORNERS WY 82715,944614,,17,Outside of SAI,Null,Null,Worland,1
2099 SUSSEX RD KAYCEE WY 82639,338278,,14,Outside of SAI,43.683825,-106.279568,Worland,1
Null,6344,,,Outside of SAI,Null,Null,,Null
312 TULLOCK CREEK RD BIGHORN MT 59010,39026,,30,Outside of SAI,46.12226664,-107.4398849,Forsyth,1
8 RIVER BEND RANCH LN BIGHORN MT 59010,38981,,30,Outside of SAI,46.12777778,-107.4622062,Forsyth,1
8 A RIVER BEND RANCH LN BIGHORN MT 59010,39271,,30,Outside of SAI,Null,Null,Forsyth,1
18 RIVER BEND RANCH LN BIGHORN MT 59010,39001,,,Outside of SAI,46.12225489,-107.469597,,Null
12 RIVER BEND RANCH LN BIGHORN MT 59010,39000,,,Outside of SAI,46.1241464,-107.4685137,,Null
10 RIVER BEND RANCH LN BIGHORN MT 59010,39025,,30,Outside of SAI,46.12646197,-107.4624964,Forsyth,1
474 TULLOCK CREEK RD BIGHORN MT 59010,39003,,30,Outside of SAI,46.10387061,-107.414567,Forsyth,1
586 TULLOCK CREEK RD BIGHORN MT 59010,39261,,30,Outside of SAI,46.09159486,-107.4081216,Forsyth,1
546 NNN RD INGOMAR MT 59039,934064,,,Outside of SAI,Null,Null,,Null
405 S 20TH ST W BILLINGS MT 59102,64583,,,Outside of SAI,Null,Null,,Null
5960 CUSTER FRONTAGE RD CUSTER MT 59024,64127,,,Outside of SAI,46.07247,-107.702806,,Null
Null,901422,,30,Outside of SAI,Null,Null,Forsyth,1
173 MACKLEY RD HYSHAM MT 59038,38693,,30,Outside of SAI,46.2795,-107.1179,Forsyth,1
TULLOCK CREEK RD TRLR BIG HORN MT 59010,38999,,30,Outside of SAI,46.0925762,-107.4007062,Forsyth,1
UNKNOWN DUP-100 HYSHAM MT 59038,39250,,30,Outside of SAI,46.10368128,-107.4164272,Forsyth,1
UNKNOWN DUP-57 HYSHAM MT 59038,39183,,30,Outside of SAI,46.08759424,-107.404495,Forsyth,1
UNKNOWN DUP-13 HYSHAM MT 59038,39115,,30,Outside of SAI,46.18358619,-107.2706123,Forsyth,1
CASTLE ROCK COLSTRIP MT 59323,39076,,30,Outside of SAI,45.87497604,-106.7765898,Forsyth,1
HYSHAM HILLS HYSHAM MT 59038,39071,,,Outside of SAI,46.13668321,-107.5164043,,Null
201 BEAR CREEK RD HYSHAM MT 59038,39059,,30,Outside of SAI,46.10872558,-107.0706519,Forsyth,1
4010 UPPER SARPY CREEK RD HYSHAM MT 59022,39055,,29,Outside of SAI,45.75940704,-107.0990844,Forsyth,1
FROZE TO DEATH RD HYSHAM MT 59038,38614,,30,Outside of SAI,46.32634641,-107.1926961,Forsyth,1
Null,38597,,30,Outside of SAI,Null,Null,Forsyth,1
117 MISSOURI BUTTE RD HULETT WY 82720,946315,,12,Outside of SAI,Null,Null,Worland,1
97 MUSTANG VALLEY RD HULETT WY 82720,946160,,12,Outside of SAI,Null,Null,Worland,1
393 ROCKY POINT RIDGE RD OSHOTO WY 82721,946156,,12,Outside of SAI,Null,Null,Worland,1
1 HOMESTEAD LP HULETT WY 82720,945808,,12,Outside of SAI,44.7073,-104.7792,Worland,1
314 C LAKE RANCH RD HULETT WY 82720,940748,,12,Outside of SAI,Null,Null,Worland,1
73 HOMESTEAD LOOP HULETT WY 82720,945811,,12,Outside of SAI,Null,Null,Worland,1
1369 TRAIL CREEK RD WESTON WY 82731,903792,,12,Outside of SAI,Null,Null,Worland,1
225 RIVER RD ALVA WY 82711,24651,,12,Outside of SAI,44.75576,-104.528155,Worland,1
2774 A STATE HIGHWAY 24 ALADDIN WY 82710,904345,,12,Outside of SAI,Null,Null,Worland,1
134 HOMESTEAD LOOP HULETT WY 82720,945132,,12,Outside of SAI,Null,Null,Worland,1
3185 D RD MOORCROFT WY 82720,24660,,12,Outside of SAI,44.705492,-105.059618,Worland,1
42 BRUIN RD HULETT WY 82720,944946,,12,Outside of SAI,Null,Null,Worland,1
105 SHADY LN HULETT WY 82720,944635,,12,Outside of SAI,Null,Null,Worland,1
41 BRUIN RD HULETT WY 82720,944277,,12,Outside of SAI,Null,Null,Worland,1
37 BRUIN RD HULETT WY 82720,944181,,12,Outside of SAI,Null,Null,Worland,1
241 LAKE RANCH RD HULETT WY 82720,943560,,12,Outside of SAI,Null,Null,Worland,1
220 SIMMONS CUTOFF RD ALVA WY 82711,940420,,12,Outside of SAI,Null,Null,Worland,1
1290 NEW HAVEN RD HULETT WY 82720,940815,,12,Outside of SAI,Null,Null,Worland,1
180 LITTLE MISSOURI RD HULETT WY 82720,25251,,12,Outside of SAI,44.732108,-104.890485,Worland,1
311 EWING RD HULETT WY 82720,25246,,12,Outside of SAI,44.688298,-104.751317,Worland,1
365 D4 LN HULETT WY 82720,25242,,12,Outside of SAI,44.759964,-104.795853,Worland,1
2206 STATE HWY 24 ALVA WY 82720,25240,,12,Outside of SAI,44.696027,-104.490187,Worland,1
478 D4 LN HULETT WY 82720,25237,,12,Outside of SAI,44.768756,-104.778007,Worland,1
395 D4 LN HULETT WY 82720,25236,,12,Outside of SAI,44.763281,-104.790046,Worland,1
371 D4 LN HULETT WY 82720,25233,,12,Outside of SAI,44.764162,-104.798097,Worland,1
430 D4 LN HULETT WY 82720,25232,,12,Outside of SAI,44.762483,-104.783638,Worland,1
73 SOLITUDE DR SUNDANCE WY 82729,25215,,12,Outside of SAI,44.603275,-104.372781,Worland,1
207 MISSOURI BUTTE RD HULETT WY 82720,25212,,12,Outside of SAI,44.643195,-104.82204,Worland,1
114 SCENIC DR HULETT WY 82720,25199,,12,Outside of SAI,44.685284,-104.787879,Worland,1
61 FOREST SERVICE RD RD HULETT WY 82720,25188,,,Outside of SAI,44.55663459,-104.4183635,,Null
Null,24351,,12,Outside of SAI,44.911193,-105.077972,Worland,1
1200 TURNERCREST RD WRIGHT WY 82718,931688,,,Outside of SAI,Null,Null,,Null
824 HWY 39 FORSYTH MT 59327,37961,,,Outside of SAI,46.14378386,-106.7929428,,Null
1291 HWY 39 FORSYTH MT 59327,944546,,,Outside of SAI,46.0926,-106.7444,,Null
1469 HWY 39 FORSYTH MT 59327,940878,,,Outside of SAI,46.078355,-106.722075,,Null
Null,36766,,,Outside of SAI,Null,Null,,Null
35350 E HWY 287 MORAN WY 83013,904128,,3,Outside of SAI,43.749444,-110.065,DUBOIS,1
Null,41468,,2,Outside of SAI,43.506623,-109.259907,DUBOIS,1
3299 A CX RANCH RD DECKER MT 59025,30788,,5,Outside of SAI,45.0477054,-106.9211801,Forsyth,1
3299 B CX RANCH RD DECKER MT 59025,30460,,5,Outside of SAI,Null,Null,Forsyth,1
3299 CX RANCH RD DECKER MT 59025,30787,,5,Outside of SAI,45.04754052,-106.9206145,Forsyth,1
Null,30481,,7,Outside of SAI,Null,Null,Forsyth,1
2252 HWY 39 FORSYTH MT 59327,940272,,,Outside of SAI,45.9751,-106.6555,,Null
31 SNIDER SUBDIVISION LN FORSYTH MT 59327,946124,,,Outside of SAI,Null,Null,,Null
5 SNIDER SUBDIVISION LN FORSYTH MT 59327,61106,,,Outside of SAI,45.9738902,-106.6572305,,Null
43 SNIDER SUBDIVISION LN FORSYTH MT 59327,64666,,,Outside of SAI,Null,Null,,Null
52 SNIDER SUBDIVISION LN FORSYTH MT 59327,36233,,,Outside of SAI,45.97620558,-106.6620847,,Null
53 SNIDER SUBDIVISION LN FORSYTH MT 59327,36232,,,Outside of SAI,45.97305869,-106.6635619,,Null
79 SNIDER SUBDIVISION LN FORSYTH MT 59327,36231,,,Outside of SAI,45.97328163,-106.6693062,,Null
1452 US HIGHWAY 16 EAST BUFFALO WY 82834,903014,,42,Outside of SAI,Null,Null,Sheridan,1
Null,35126,,36,Outside of SAI,44.625941,-105.845289,Forsyth,1
475 17TH ST DENVER CO 80202,946052,,,Outside of SAI,Null,Null,,Null
2 MI GOLF COURSE RD SINCLAIR WY 82334,64876,,,Outside of SAI,Null,Null,,Null
4900 THUNDERBIRD DR BOULDER CO 80303,905908,,,Outside of SAI,Null,Null,,Null
440 WASHINGTON RD WHEATLAND WY 82201,904643,,46,Outside of SAI,Null,Null,Sheridan,1
160 BROKEN ARROW RD DOUGLAS WY 82633,920616,,,Outside of SAI,Null,Null,,Null
1031 STEINLE RD DOUGLAS WY 82633,928498,,,Outside of SAI,Null,Null,,Null
79 HWY 89 ALPINE WY 83128,940253,,,Outside of SAI,Null,Null,,Null
23990 PATHFINDER RD ALCOVA WY 82620,939199,,44,Outside of SAI,Null,Null,Sheridan,1
22483 PENINSULA RD ALCOVA WY 82620,903440,,44,Outside of SAI,Null,Null,Sheridan,1
1465 N 4TH ST LARAMIE WY 82072,928943,,,Outside of SAI,Null,Null,,Null
1160 HARRISON ST LARAMIE WY 82070,902813,,,Outside of SAI,Null,Null,,Null
3693 COUNTY ROAD 222 BURNS WY 82009,921717,,48,Outside of SAI,41.31784,-104.58038,Sheridan,1
1990 COUNTY ROAD 136 CHEYENNE WY 82009,931170,,48,Outside of SAI,Null,Null,Sheridan,1
1150 COUNTY ROAD 137 BURNS WY 82009,921781,,48,Outside of SAI,Null,Null,Sheridan,1
92 W VEDAUWOO RD BUFORD WY 82052,944314,,,Outside of SAI,Null,Null,,Null
910 15TH ST DENVER CO 80202,64696,,,Outside of SAI,39.745653,-104.995833,,Null
344 COUNTY ROAD 154 CARPENTER WY 82054,946538,,10,Outside of SAI,Null,Null,Worland,1
4672 COUNTY ROAD 208 CARPENTER WY 82054,946451,,10,Outside of SAI,Null,Null,Worland,1
727 COUNTY ROAD 144 CARPENTER WY 82054,946303,,10,Outside of SAI,Null,Null,Worland,1
4468 COUNTY ROAD 208 CARPENTER WY 82054,946448,,10,Outside of SAI,Null,Null,Worland,1
745 COUNTY ROAD 144 CARPENTER WY 82054,63463,,10,Outside of SAI,Null,Null,Worland,1
549 COUNTY ROAD 154 CARPENTER WY 82054,944247,,10,Outside of SAI,Null,Null,Worland,1
3894 ROAD 207 CARPENTER WY 82054,359,,48,Outside of SAI,41.10214079,-104.5396926,Sheridan,1
209 N CLINTON BAINVILLE MT 59212,931930,,,Outside of SAI,48.144245,-104.22173,,Null
411 PINE ST APT 110 PINE BLUFFS WY 82082,5811,,9,Outside of SAI,41.18004,-104.065043,Worland,1
947 COUNTY ROAD 146 BURNS WY 82053,944988,,9,Outside of SAI,Null,Null,Worland,1
860 COUNTY ROAD 143 CARPENTER WY 82053,945013,,9,Outside of SAI,Null,Null,Worland,1
3808 BLUEBONNET LN HILLSDALE WY 82060,944957,,48,Outside of SAI,Null,Null,Sheridan,1
3715 SUNNY GLEN LN BURNS WY 82053,944891,,48,Outside of SAI,Null,Null,Sheridan,1
3776 BLUE SKY RD BURNS WY 82054,4108,,48,Outside of SAI,Null,Null,Sheridan,1
Null,4070,,9,Outside of SAI,41.249396,-104.272021,Worland,1
318 BILLY CREEK ACCESS RD BUFFALO WY 82834,914344,,42,Outside of SAI,Null,Null,Sheridan,1
1734 DRY CREEK RD BUFFALO WY 82834,944862,,36,Outside of SAI,Null,Null,Forsyth,1
23 HILLSIDE DR BUFFALO WY 82834,61829,,42,Outside of SAI,44.362205,-106.727504,Sheridan,1
69 FRENCH CREEK MTN RD BUFFALO WY 82834,906063,,42,Outside of SAI,Null,Null,Sheridan,1
1275 US HWY 16 E BUFFALO WY 82834,925252,,42,Outside of SAI,Null,Null,Sheridan,1
501 BIRCH ST BUFFALO WY 82834,926408,,42,Outside of SAI,Null,Null,Sheridan,1
121 POWDER RIVER LN BUFFALO WY 82824,927176,,42,Outside of SAI,Null,Null,Sheridan,1
332 BILLY CREEK ACCESS RD BUFFALO WY 82834,943558,,42,Outside of SAI,Null,Null,Sheridan,1
5919 I-90 WEST BUFFALO WY 82834,940546,,42,Outside of SAI,Null,Null,Sheridan,1
19132 STANGERONE RD BELLE FOURCHE SD 57717,930302,,,Outside of SAI,Null,Null,,Null
17155 OLD HWY 85 BELLE FOURCHE SD 57717,60578,,,Outside of SAI,45.029016,-103.768891,,Null
101 TOBY LN BIRNEY MT 59012,20646,,27,Outside of SAI,45.22909682,-106.6654395,Forsyth,1
19372 CARL BEMENT MEMORIAL HWY LAME DEER MT 59043,20640,,27,Outside of SAI,45.42236004,-106.4794554,Forsyth,1
965 GRAY ROCKS RD FORT LARAMIE WY 82212,910697,,,Outside of SAI,Null,Null,,Null
UNKNOWN DUP-20 ASHLAND MT 59003,20311,,26,Outside of SAI,45.49822997,-106.1762442,Forsyth,1
7313 HWY 14-16 ARVADA WY 82831,946396,,,Outside of SAI,Null,Null,,Null
661 KAUFMAN TRL HAMMOND MT 59332,40441,,35,Outside of SAI,45.12417932,-104.8391958,Forsyth,1
Null,528,,48,Outside of SAI,Null,Null,Sheridan,1
401 S ROAD 11 WORLAND WY 82401,940369,,23,1000MB/1000MB_Fiber,Null,Null,Worland,
1039 WYARNO RD SHERIDAN WY 82801,32319,,38,1000MB/1000MB_Fiber,44.813041,-106.773029,Forsyth,
103 MOUNTAIN VIEW DR THERMOPOLIS WY 82443,9134,,21,1000MB/1000MB_Fiber,43.6395,-108.227706,Worland,
975 N HIGHWAY 20 WASHAKIE WY 82401,11823,,23,1000MB/1000MB_Fiber,44.040745,-107.945062,Worland,
167 RD 521 MILES CITY MT 59301,20868,,32,1000MB/1000MB_Fiber,45.8163038,-105.6125375,Forsyth,
1607 N PARK DR NEWCASTLE WY 82701,27347,,17,1000MB/1000MB_Fiber,43.852963,-104.223752,Worland,
201 N 8TH ST SUNDANCE WY 82729,50104,,78,1000MB/1000MB_Fiber,44.408451,-104.373623,Forsyth,
617 S 2ND ST SUNDANCE WY 82729,50611,,78,1000MB/1000MB_Fiber,44.402494,-104.379064,Forsyth,
3203 OLD SUNDANCE ROAD HOUSE SUNDANCE WYOMING 82729,901456,,78,1000MB/1000MB_Fiber,44.3861,-104.3978,Forsyth,
41 AVERY LN NEWCASTLE WY 82701,26994,,17,1000MB/1000MB_Fiber,43.873052,-104.173677,Worland,
159 E BROADWAY ST THERMOPOLIS WY 82443,9864,,21,1000MB/1000MB_Fiber,43.646206,-108.198919,Worland,
23034 US HIGHWAY 85 NEWCASTLE WY 82701,28120,,17,1000MB/1000MB_Fiber,43.860093,-104.193151,Worland,
713 E OAK ST SUNDANCE WY 82729,50105,,78,1000MB/1000MB_Fiber,44.408588,-104.373763,Forsyth,
113 A W RAMSHORN DUBOIS WY 82513,945776,,3,1000MB/1000MB_Fiber,Null,Null,DUBOIS,
969 ROAD 11 1/2 WASHAKIE WY 82401,11840,,23,1000MB/1000MB_Fiber,44.041957,-107.937317,Worland,
138 STATE HWY 116 SUNDANCE WY 82729,901722,,78,1000MB/1000MB_Fiber,44.372,-104.3925,Forsyth,
110 MOUNTAIN VIEW DR THERMOPOLIS WY 82443,9133,,21,1000MB/1000MB_Fiber,43.639104,-108.228702,Worland,
302 OIL CREEK RD NEWCASTLE WY 82701,26863,,17,1000MB/1000MB_Fiber,43.923419,-104.293815,Worland,
207 N 8TH ST SUNDANCE WY 82729,50103,,78,1000MB/1000MB_Fiber,44.408957,-104.374227,Forsyth,
21 AVERY LN NEWCASTLE WY 82701,26986,,17,1000MB/1000MB_Fiber,43.874687,-104.172768,Worland,
548 DRY CREEK RD FORSYTH MT 59327,946248,,25,1000MB/1000MB_Fiber,46.1765,-106.7531,Forsyth,
805 E OAK ST SUNDANCE WY 82729,50106,,78,1000MB/1000MB_Fiber,44.409315,-104.373378,Forsyth,
5 JX BAR LANE SUNDANCE WY 82729,901633,,78,1000MB/1000MB_Fiber,44.400084,-104.256813,Forsyth,
1230 N MAIN ST STE C SHERIDAN WY 82801,65414,,41,1000MB/1000MB_Fiber,44.81045507,-106.9558943,Sheridan,
969 N HIGHWAY 20 WASHAKIE WY 82401,11822,,23,1000MB/1000MB_Fiber,44.041446,-107.944379,Worland,
929 E 10TH ST PINE BLUFFS WY 82082,5370,,19,1000MB/1000MB_Fiber,41.175402,-104.056098,Worland,
1310 ARAPAHOE ST THERMOPOLIS WY 82443,8265,,21,1000MB/1000MB_Fiber,43.647849,-108.224526,Worland,
108 MOUNTAIN VIEW DR THERMOPOLIS WY 82443,9132,,21,1000MB/1000MB_Fiber,43.639345,-108.22853,Worland,
1244 ARAPAHOE ST THERMOPOLIS WY 82443,8877,,21,1000MB/1000MB_Fiber,43.647753,-108.223775,Worland,
823 E OAK ST SUNDANCE WY 82729,50108,,78,1000MB/1000MB_Fiber,44.409549,-104.372405,Forsyth,
74 ROSCOES RUN NEWCASTLE WY 82701,26985,,17,1000MB/1000MB_Fiber,43.87747,-104.175459,Worland,
967 N HIGHWAY 20 WASHAKIE WY 82401,11821,,23,1000MB/1000MB_Fiber,44.042085,-107.944154,Worland,
301 SOUTH 27TH SHOP SUNDANCE WYOMING ,901554,,78,1000MB/1000MB_Fiber,44.410785,-104.348916,Forsyth,
750 N 7TH ST SUNDANCE WY 82729,50109,,78,1000MB/1000MB_Fiber,44.410292,-104.373396,Forsyth,
23036 US HIGHWAY 85 NEWCASTLE WY 82701,28119,,17,1000MB/1000MB_Fiber,43.860726,-104.191795,Worland,
1007 E CLEVELAND ST SUNDANCE WY 82729,49745,,78,1000MB/1000MB_Fiber,44.408805,-104.371487,Forsyth,
525 SPRUCE ST NEWCASTLE WY 82701,27587,,17,1000MB/1000MB_Fiber,43.857814,-104.211118,Worland,
106 MOUNTAIN VIEW DR THERMOPOLIS WY 82443,9131,,21,1000MB/1000MB_Fiber,43.639544,-108.228359,Worland,
803 S 27TH TR 1 SUNDANCE WY 82729,901447,,78,1000MB/1000MB_Fiber,44.4,-104.3475,Forsyth,
1234 ARAPAHOE ST THERMOPOLIS WY 82443,8876,,21,1000MB/1000MB_Fiber,43.647746,-108.223522,Worland,
23240 US HIGHWAY 85 NEWCASTLE WY 82701,26932,,17,1000MB/1000MB_Fiber,43.887712,-104.184046,Worland,
965 ROAD 11 1/2  WASHAKIE WY 82401,11830,,23,1000MB/1000MB_Fiber,44.042336,-107.937769,Worland,
1011 E CLEVELAND ST SUNDANCE WY 82729,49746,,78,1000MB/1000MB_Fiber,44.408782,-104.37116,Forsyth,
1319 W MAIN ST NEWCASTLE WY 82701,27264,,17,1000MB/1000MB_Fiber,43.851365,-104.222174,Worland,
803 S. 27TH TR 2 SUNDANCE WY 82729,901448,,78,1000MB/1000MB_Fiber,44.4,-104.3472,Forsyth,
1021 E CLEVELAND ST SUNDANCE WY 82729,49747,,78,1000MB/1000MB_Fiber,44.408762,-104.370795,Forsyth,
52 MESA RD NEWCASTLE WY 82701,26934,,17,1000MB/1000MB_Fiber,43.88623,-104.184995,Worland,
1514 YELLOWSTONE AVE WORLAND WY 82401,12168,,23,1000MB/1000MB_Fiber,44.022209,-107.947565,Worland,
424 WALDEN AVE NEWCASTLE WY 82701,27618,,17,1000MB/1000MB_Fiber,43.857005,-104.208698,Worland,
109 W RAMSHORN DUBOIS WY 82513,46458,,3,1000MB/1000MB_Fiber,43.533549,-109.633226,DUBOIS,
104 MOUNTAIN VIEW DR THERMOPOLIS WY 82443,9130,,21,1000MB/1000MB_Fiber,43.639782,-108.228215,Worland,
222 B SANDROCK RD BROADUS MT 59317,946329,,35,1000MB/1000MB_Fiber,Null,Null,Forsyth,
912 N HIGHWAY 20 WASHAKIE WY 82401,11817,,23,1000MB/1000MB_Fiber,44.050043,-107.939306,Worland,
1228 ARAPAHOE ST THERMOPOLIS WY 82443,8264,,21,1000MB/1000MB_Fiber,43.647749,-108.22329,Worland,
104 N 11TH ST SUNDANCE WY 82729,49748,,78,1000MB/1000MB_Fiber,44.40874,-104.370089,Forsyth,
5 MUSKRAT RD SHOSHONI WY 82649,901466,,20,1000MB/1000MB_Fiber,43.232868,-108.1123,Worland,
118 N 10TH ST SUNDANCE WY 82729,50116,,78,1000MB/1000MB_Fiber,44.409252,-104.371583,Forsyth,
550 E WENTWORTH ST NEWCASTLE WY 82701,27688,,17,1000MB/1000MB_Fiber,43.858058,-104.19443,Worland,
319 COLLEGE MEADOW DR SHERIDAN WY 82801,946133,,41,1000MB/1000MB_Fiber,Null,Null,Sheridan,
106 CHEVY CHASE AVE THERMOPOLIS WY 82443,9244,,21,1000MB/1000MB_Fiber,43.639504,-108.222237,Worland,
23282 A US HIGHWAY 85 NEWCASTLE WY 82701,29291,,17,1000MB/1000MB_Fiber,43.893285,-104.186041,Worland,
918 N HIGHWAY 20 WASHAKIE WY 82401,11820,,23,1000MB/1000MB_Fiber,44.049186,-107.940073,Worland,
102 MOUNTAIN VIEW DR THERMOPOLIS WY 82443,9129,,21,1000MB/1000MB_Fiber,43.639957,-108.228086,Worland,
114 S D AVE THERMOPOLIS WY 82443,9804,,21,1000MB/1000MB_Fiber,43.646079,-108.196064,Worland,
303 E 10TH ST PINE BLUFFS WY 82082,5852,,19,1000MB/1000MB_Fiber,41.174023,-104.063832,Worland,
1004 E MAIN ST SUNDANCE WY 82729,50117,,78,1000MB/1000MB_Fiber,44.409369,-104.371513,Forsyth,
1423 ODELL CT SHERIDAN WY 82801,869714,,41,1000MB/1000MB_Fiber,Null,Null,Sheridan,
309 ARAPAHOE ST THERMOPOLIS WY 82443,9462,,21,1000MB/1000MB_Fiber,43.646859,-108.20702,Worland,
1017 E MAIN ST SUNDANCE WY 82729,50110,,78,1000MB/1000MB_Fiber,44.4098,-104.370982,Forsyth,
23282 B US HIGHWAY 85 NEWCASTLE WY 82701,29290,,17,1000MB/1000MB_Fiber,43.894074,-104.186374,Worland,
914 N HIGHWAY 20 WASHAKIE WY 82401,11818,,23,1000MB/1000MB_Fiber,44.049822,-107.939453,Worland,
729 PARK ST THERMOPOLIS WY 82443,8283,,21,1000MB/1000MB_Fiber,43.650446,-108.214616,Worland,
100 MOUNTAIN VIEW DR THERMOPOLIS WY 82443,9128,,21,1000MB/1000MB_Fiber,43.640264,-108.227996,Worland,
538 WYARNO RD SHERIDAN WY 82801,32152,,38,1000MB/1000MB_Fiber,44.836192,-106.865451,Forsyth,
2145 N MAIN ST SHERIDAN WY 82801,946292,,41,1000MB/1000MB_Fiber,Null,Null,Sheridan,
151 SHERIDAN ST NEWCASTLE WY 82701,29428,,17,1000MB/1000MB_Fiber,43.847182,-104.201093,Worland,
512 MARKET ST PINE BLUFFS WY 82082,5484,,19,1000MB/1000MB_Fiber,41.179096,-104.070002,Worland,
1021 E MAIN ST SUNDANCE WY 82729,49741,,78,1000MB/1000MB_Fiber,44.40981,-104.370725,Forsyth,
173 HAMMOND VALLEY RD FORSYTH MT 59327,36641,,25,1000MB/1000MB_Fiber,Null,Null,Forsyth,
877 N ROAD 11 WASHAKIE WY 82401,11797,,23,1000MB/1000MB_Fiber,44.055129,-107.927633,Worland,
1212 ARAPAHOE ST THERMOPOLIS WY 82443,8875,,21,1000MB/1000MB_Fiber,43.64777,-108.222914,Worland,
22992 US HIGHWAY 85 NEWCASTLE WY 82701,28121,,17,1000MB/1000MB_Fiber,43.859157,-104.190791,Worland,
116 N 11TH ST SUNDANCE WY 82729,50120,,78,1000MB/1000MB_Fiber,44.409164,-104.370184,Forsyth,
3601 N MAIN ST SHERIDAN WY 82801,64698,,41,1000MB/1000MB_Fiber,Null,Null,Sheridan,
1880 COUNTY ROAD 160 PINE BLUFFS WY 82082,63702,,19,1000MB/1000MB_Fiber,41.264312,-104.147113,Worland,
1949 SUGARLAND DR SHERIDAN WY 82801,874317,,41,1000MB/1000MB_Fiber,Null,Null,Sheridan,
101 MOUNTAIN VIEW DR THERMOPOLIS WY 82443,9127,,21,1000MB/1000MB_Fiber,43.64013,-108.227341,Worland,
202 N 12 ST THERMOPOLIS WY 82443,8263,,21,1000MB/1000MB_Fiber,43.647837,-108.222664,Worland,
870 N ROAD 11 WASHAKIE WY 82401,11839,,23,1000MB/1000MB_Fiber,44.054098,-107.928889,Worland,
23284 US HIGHWAY 85 NEWCASTLE WY 82701,26963,,17,1000MB/1000MB_Fiber,43.895192,-104.186681,Worland,
126 DRY CREEK RD FORSYTH MT 59327,37934,,25,1000MB/1000MB_Fiber,46.22790423,-106.7380731,Forsyth,
113 W RAMSHORN DUBOIS WY 82513,46856,,3,1000MB/1000MB_Fiber,43.533525,-109.633772,DUBOIS,
416 MAIN ST PINE BLUFFS WY 82082,5457,,19,1000MB/1000MB_Fiber,41.180037,-104.068575,Worland,
1275 A HWY 14 E SHERIDAN WY 82801,939098,,38,1000MB/1000MB_Fiber,44.636686,-106.795255,Forsyth,
1510 CLOUD PEAK DR WORLAND WY 82401,12154,,23,1000MB/1000MB_Fiber,44.023758,-107.947674,Worland,
1104 E MAIN ST SUNDANCE WY 82729,50121,,78,1000MB/1000MB_Fiber,44.409324,-104.370068,Forsyth,
38 WINDY RIDGE RD FORSYTH MT 59327,36869,,25,1000MB/1000MB_Fiber,46.30423234,-106.7040966,Forsyth,
861 N ROAD 11 WASHAKIE WY 82401,51045,,23,1000MB/1000MB_Fiber,44.05749,-107.927753,Worland,
103 WARREN ST THERMOPOLIS WY 82443,9552,,21,1000MB/1000MB_Fiber,43.644634,-108.2035,Worland,
808 S 14 ST THERMOPOLIS WY 82443,9126,,21,1000MB/1000MB_Fiber,43.638891,-108.226191,Worland,
126 4TH AVE NEWCASTLE WY 82701,27391,,17,1000MB/1000MB_Fiber,43.85231,-104.223709,Worland,
709 MAIN ST PINE BLUFFS WY 82082,5526,,19,1000MB/1000MB_Fiber,41.177305,-104.067972,Worland,
100 BUTLER AVE PINE BLUFFS WY 82082,51049,,19,1000MB/1000MB_Fiber,41.18347,-104.058469,Worland,
604 S 3RD ST SUNDANCE WY 82729,50332,,78,1000MB/1000MB_Fiber,44.403073,-104.376911,Forsyth,
1110 E MAIN ST SUNDANCE WY 82729,49749,,78,1000MB/1000MB_Fiber,44.409252,-104.369766,Forsyth,
312 N 1 DUBOIS WY 82513,46028,,3,1000MB/1000MB_Fiber,43.538039,-109.631038,DUBOIS,
858 N HIGHWAY 20 WASHAKIE WY 82401,11838,,23,1000MB/1000MB_Fiber,44.057952,-107.941889,Worland,
22986 US HIGHWAY 85 NEWCASTLE WY 82701,28122,,17,1000MB/1000MB_Fiber,43.855992,-104.186431,Worland,
1114 E MAIN ST SUNDANCE WY 82729,49750,,78,1000MB/1000MB_Fiber,44.409267,-104.369603,Forsyth,
820 S 14 ST THERMOPOLIS WY 82443,9125,,21,1000MB/1000MB_Fiber,43.638558,-108.226119,Worland,
112 S D AVE THERMOPOLIS WY 82443,9803,,21,1000MB/1000MB_Fiber,43.646239,-108.1961,Worland,
1210 E MAIN ST SUNDANCE WY 82729,50122,,78,1000MB/1000MB_Fiber,44.409324,-104.368361,Forsyth,
513 E 10TH ST PINE BLUFFS WY 82082,5855,,19,1000MB/1000MB_Fiber,41.174186,-104.061512,Worland,
855 N HIGHWAY 20 WASHAKIE WY 82401,943581,,23,1000MB/1000MB_Fiber,Null,Null,Worland,
10222 VALLEY RD EDGEMONT SD 57735,29159,,17,1000MB/1000MB_Fiber,43.693315,-104.011787,Worland,
1016 E CLEVELAND ST SUNDANCE WY ,50622,,78,1000MB/1000MB_Fiber,44.407811,-104.368389,Forsyth,
1107 E MAIN ST SUNDANCE WY 82729,50112,,78,1000MB/1000MB_Fiber,44.409813,-104.369817,Forsyth,
106 5TH AVE NEWCASTLE WY 82701,27385,,17,1000MB/1000MB_Fiber,43.851785,-104.224827,Worland,
802 S 14 ST THERMOPOLIS WY 82443,9124,,21,1000MB/1000MB_Fiber,43.639118,-108.22615,Worland,
1144 ARAPAHOE ST THERMOPOLIS WY 82443,8878,,21,1000MB/1000MB_Fiber,43.64776,-108.222061,Worland,
501 E 3RD ST PINE BLUFFS WY 82082,5740,,19,1000MB/1000MB_Fiber,41.182133,-104.062288,Worland,
313 HORSE CREEK RD DUBOIS WY 82513,46499,,3,1000MB/1000MB_Fiber,43.538151,-109.634292,DUBOIS,
847 N HIGHWAY 20 WASHAKIE WY 82401,11796,,23,1000MB/1000MB_Fiber,44.059219,-107.932662,Worland,
1101 E MAIN ST SUNDANCE WY 82729,50111,,78,1000MB/1000MB_Fiber,44.40985,-104.370132,Forsyth,
420 WALDEN AVE NEWCASTLE WY 82701,27617,,17,1000MB/1000MB_Fiber,43.856845,-104.208758,Worland,
18 OLD HWY 10 HYSHAM MT 59038,946476,,30,1000MB/1000MB_Fiber,Null,Null,Forsyth,
Null,26392,,17,1000MB/1000MB_Fiber,43.861287,-104.194589,Worland,
720 S 14 ST THERMOPOLIS WY 82443,9123,,21,1000MB/1000MB_Fiber,43.639446,-108.226183,Worland,
1120 ARAPAHOE ST THERMOPOLIS WY 82443,8267,,21,1000MB/1000MB_Fiber,43.647804,-108.221421,Worland,
710 N 15TH ST APT 3 WORLAND WY 82401,12129,,23,1000MB/1000MB_Fiber,44.022913,-107.948221,Worland,
1115 E MAIN ST SUNDANCE WY 82729,50113,,78,1000MB/1000MB_Fiber,44.409826,-104.369558,Forsyth,
408 MAIN ST PINE BLUFFS WY 82082,5458,,19,1000MB/1000MB_Fiber,41.180273,-104.068552,Worland,
108 CHEVY CHASE AVE THERMOPOLIS WY 82443,9243,,21,1000MB/1000MB_Fiber,43.639685,-108.222381,Worland,
596 OLD HIGHWAY 10 HYSHAM MT 59038,946360,,30,1000MB/1000MB_Fiber,Null,Null,Forsyth,
626 BROADWAY ST THERMOPOLIS WY 82443,9447,,21,1000MB/1000MB_Fiber,43.646587,-108.213009,Worland,
1123 E MAIN ST SUNDANCE WY 82729,49742,,78,1000MB/1000MB_Fiber,44.409804,-104.369259,Forsyth,
Null,2114,,11,1000MB/1000MB_Fiber,42.839716,-107.497114,Worland,
1114 ARAPAHOE ST THERMOPOLIS WY 82443,8268,,21,1000MB/1000MB_Fiber,43.647738,-108.221178,Worland,
710 N 15TH ST APT 7 WORLAND WY 82401,12133,,23,1000MB/1000MB_Fiber,44.023171,-107.948145,Worland,
714 S 14 ST THERMOPOLIS WY 82443,9122,,21,1000MB/1000MB_Fiber,43.63971,-108.226142,Worland,
585 WYARNO RD SHERIDAN WY 82801,32153,,38,1000MB/1000MB_Fiber,44.839478,-106.854352,Forsyth,
702 W 7TH ST PINE BLUFFS WY 82082,5558,,19,1000MB/1000MB_Fiber,41.178115,-104.077743,Worland,
608 S 3RD ST SUNDANCE WY 82729,50329,,78,1000MB/1000MB_Fiber,44.402923,-104.376863,Forsyth,
319 W RAMSHORN DUBOIS WY 82513,46604,,3,1000MB/1000MB_Fiber,43.533444,-109.636802,DUBOIS,
1203 E MAIN ST SUNDANCE WY 82729,50114,,78,1000MB/1000MB_Fiber,44.409877,-104.36867,Forsyth,
710 N 15TH ST APT 11 WORLAND WY 82401,12136,,23,1000MB/1000MB_Fiber,44.023331,-107.948143,Worland,
531 W WARREN AVE STE 2 NEWCASTLE WY 82701,27805,,17,1000MB/1000MB_Fiber,43.852584,-104.211456,Worland,
1207 E MAIN ST SUNDANCE WY 82729,50115,,78,1000MB/1000MB_Fiber,44.4099,-104.368333,Forsyth,
708 S 14 ST THERMOPOLIS WY 82443,9121,,21,1000MB/1000MB_Fiber,43.640011,-108.226183,Worland,
Null,945096,,43,1000MB/1000MB_Fiber,Null,Null,Sheridan,
1509 CREST WAY WORLAND WY 82401,12158,,23,1000MB/1000MB_Fiber,44.020945,-107.947837,Worland,
1101 SUGARVIEW DR SHERIDAN WY 82801,870751,,41,1000MB/1000MB_Fiber,Null,Null,Sheridan,
1290 A DEER CREEK RD LYSITE WY 82501,2126,,11,1000MB/1000MB_Fiber,42.969686,-107.535991,Worland,
155 SHERIDAN ST NEWCASTLE WY 82701,28400,,17,1000MB/1000MB_Fiber,43.847296,-104.201338,Worland,
234 E WARREN ST THERMOPOLIS WY 82443,9807,,21,1000MB/1000MB_Fiber,43.645646,-108.196367,Worland,
322 WELTY DUBOIS WY 82513,45822,,3,1000MB/1000MB_Fiber,43.53305,-109.636774,DUBOIS,
700 N 15TH ST WORLAND WY 82401,12166,,23,1000MB/1000MB_Fiber,44.022662,-107.948128,Worland,
650 E 10TH ST PINE BLUFFS WY 82082,5859,,19,1000MB/1000MB_Fiber,41.173589,-104.059936,Worland,
1215 E MAIN ST SUNDANCE WY 82729,49744,,78,1000MB/1000MB_Fiber,44.409841,-104.368082,Forsyth,
612 S 3RD ST SUNDANCE WY 82729,50326,,78,1000MB/1000MB_Fiber,44.402827,-104.376922,Forsyth,
3870 US HIGHWAY 16 NEWCASTLE WY 82701,26852,,17,1000MB/1000MB_Fiber,43.923759,-104.359544,Worland,
623 MEADOWLARK LN WORLAND WY 82401,13171,,23,1000MB/1000MB_Fiber,44.022761,-107.943606,Worland,
1401 VALLEY VIEW DR THERMOPOLIS WY 82443,9120,,21,1000MB/1000MB_Fiber,43.640213,-108.22618,Worland,
1102 ARAPAHOE ST THERMOPOLIS WY 82443,8269,,21,1000MB/1000MB_Fiber,43.647728,-108.220982,Worland,
1221 E MAIN ST SUNDANCE WY 82729,49743,,78,1000MB/1000MB_Fiber,44.40982,-104.367838,Forsyth,
512 WILLARD AVE DUP-1 NEWCASTLE WY 82701,26344,,17,1000MB/1000MB_Fiber,43.8581,-104.21026,Worland,
332 LITTLE PORCUPINE CREEK RD FORSYTH MT 59327,36953,,25,1000MB/1000MB_Fiber,46.3168521,-106.698629,Forsyth,
1290 DEER CREEK RD LYSITE WY 82642,2127,,11,1000MB/1000MB_Fiber,42.970041,-107.536049,Worland,
208 N 11 ST THERMOPOLIS WY 82443,8359,,21,1000MB/1000MB_Fiber,43.6479,-108.220894,Worland,
208 UPPER WAGON WHEEL CT FORSYTH MT 59327,944140,,25,1000MB/1000MB_Fiber,Null,Null,Forsyth,
608 MEADOWLARK LN WORLAND WY 82401,13294,,23,1000MB/1000MB_Fiber,44.022308,-107.94312,Worland,
601 W WARREN AVE NEWCASTLE WY 82701,27804,,17,1000MB/1000MB_Fiber,43.852538,-104.211665,Worland,
1312 E MAIN ST SUNDANCE WY 82729,50723,,78,1000MB/1000MB_Fiber,44.409793,-104.36672,Forsyth,
80 A HWY 39 FORSYTH MT 59327,943546,,25,1000MB/1000MB_Fiber,Null,Null,Forsyth,
1415 VALLEY VIEW DR THERMOPOLIS WY 82443,9119,,21,1000MB/1000MB_Fiber,43.639869,-108.226762,Worland,
415 E 4TH ST PINE BLUFFS WY 82082,5773,,19,1000MB/1000MB_Fiber,41.181078,-104.063339,Worland,
135 4TH AVE NEWCASTLE WY 82701,27393,,17,1000MB/1000MB_Fiber,43.852592,-104.223144,Worland,
904 US HWY 12 FORSYTH MT 59327,945492,,25,1000MB/1000MB_Fiber,Null,Null,Forsyth,
1279 N MAIN ST LOT 4 PINE BLUFFS WY 82082,5377,,19,1000MB/1000MB_Fiber,41.18674476,-104.0737374,Worland,
601 SOLITUDE PL WORLAND WY 82401,13262,,23,1000MB/1000MB_Fiber,44.021969,-107.943674,Worland,
402 MAIN ST PINE BLUFFS WY 82082,5461,,19,1000MB/1000MB_Fiber,41.180682,-104.068575,Worland,
4 LANDER DUBOIS WY 82513,45812,,3,1000MB/1000MB_Fiber,43.53339,-109.637416,DUBOIS,
1612 E CLEVELAND ST SUNDANCE WY 82729,49705,,78,1000MB/1000MB_Fiber,44.410063,-104.362756,Forsyth,
313 CLARK ST THERMOPOLIS WY 82443,9616,,21,1000MB/1000MB_Fiber,43.642468,-108.207296,Worland,
107 JUDY LEE AVE THERMOPOLIS WY 82443,9118,,21,1000MB/1000MB_Fiber,43.639196,-108.22474,Worland,
Null,2108,,11,1000MB/1000MB_Fiber,43.113971,-107.446278,Worland,
119 5TH AVE NEWCASTLE WY 82701,27400,,17,1000MB/1000MB_Fiber,43.852211,-104.224303,Worland,
600 MEADOWLARK LN WORLAND WY 82401,13261,,23,1000MB/1000MB_Fiber,44.021969,-107.943094,Worland,
1313 W MAIN ST NEWCASTLE WY 82701,27263,,17,1000MB/1000MB_Fiber,43.851466,-104.221696,Worland,
400 HAYS DUBOIS WY 82513,46083,,3,1000MB/1000MB_Fiber,43.538384,-109.627435,DUBOIS,
2 BACHELOR CREEK CT DUBOIS WY 82513,945131,,3,1000MB/1000MB_Fiber,Null,Null,DUBOIS,
105 CHEVY CHASE AVE THERMOPOLIS WY 82443,9242,,21,1000MB/1000MB_Fiber,43.639413,-108.222772,Worland,
1620 E CLEVELAND ST UNIT 2 SUNDANCE WY 82729,50713,,78,1000MB/1000MB_Fiber,44.410127,-104.362054,Forsyth,
2102 STATE HIGHWAY 450 NEWCASTLE WY 82701,28980,,17,1000MB/1000MB_Fiber,43.726328,-104.621912,Worland,
125 4TH AVE NEWCASTLE WY 82701,27394,,17,1000MB/1000MB_Fiber,43.852467,-104.223193,Worland,
109 JUDY LEE AVE THERMOPOLIS WY 82443,9117,,21,1000MB/1000MB_Fiber,43.639212,-108.224973,Worland,
600 N 15TH ST WORLAND WY 82401,12165,,23,1000MB/1000MB_Fiber,44.022195,-107.948194,Worland,
243 RD 521 MILES CITY MT 59301,20869,,32,1000MB/1000MB_Fiber,45.8131004,-105.5932834,Forsyth,
226 E WARREN ST THERMOPOLIS WY 82443,9808,,21,1000MB/1000MB_Fiber,43.64564,-108.196543,Worland,
1620 E CLEVELAND ST SUNDANCE WY 82729,50714,,78,1000MB/1000MB_Fiber,44.410352,-104.361981,Forsyth,
1621 E CLEVELAND ST SUNDANCE WY 82729,50628,,78,1000MB/1000MB_Fiber,44.411026,-104.362234,Forsyth,
121 4TH AVE NEWCASTLE WY 82701,27395,,17,1000MB/1000MB_Fiber,43.852319,-104.223178,Worland,
12 SPRING MOUNTAIN CT DUBOIS WY 82513,338319,,3,1000MB/1000MB_Fiber,43.528005,-109.600016,DUBOIS,
7 GAS HILLS RD GAS HILLS WY 82501,61954,,11,1000MB/1000MB_Fiber,Null,Null,Worland,
147 FREMONT ST THERMOPOLIS WY 82443,9564,,21,1000MB/1000MB_Fiber,43.64351,-108.204382,Worland,
518 TETON PL WORLAND WY 82401,12160,,23,1000MB/1000MB_Fiber,44.021744,-107.948207,Worland,
2259 STATE HIGHWAY 450 NEWCASTLE WY 82701,29026,,17,1000MB/1000MB_Fiber,43.711941,-104.643875,Worland,
116 JUDY LEE AVE THERMOPOLIS WY 82443,9116,,21,1000MB/1000MB_Fiber,43.639545,-108.224675,Worland,
457 HAMMOND VALLEY RD FORSYTH MT 59327,36924,,25,1000MB/1000MB_Fiber,46.29379551,-106.8848122,Forsyth,
414 WALDEN AVE NEWCASTLE WY 82701,27616,,17,1000MB/1000MB_Fiber,43.856586,-104.208827,Worland,
401 CARSON DUBOIS WY 82513,45889,,3,1000MB/1000MB_Fiber,43.538393,-109.628956,DUBOIS,
600 E 10TH ST PINE BLUFFS WY 82082,5860,,19,1000MB/1000MB_Fiber,41.173224,-104.06037,Worland,
1603 E CLEVELAND ST SUNDANCE WY 82729,49704,,78,1000MB/1000MB_Fiber,44.410809,-104.363231,Forsyth,
1771 TERRA AVE SHERIDAN WY 82801,61691,,41,1000MB/1000MB_Fiber,44.778566,-106.94589,Sheridan,
516 TETON PL WORLAND WY 82401,12161,,23,1000MB/1000MB_Fiber,44.02181,-107.947751,Worland,
401 LAWSON ST PINE BLUFFS WY 82082,5602,,19,1000MB/1000MB_Fiber,41.180649,-104.073586,Worland,
118 JUDY LEE AVE THERMOPOLIS WY 82443,9115,,21,1000MB/1000MB_Fiber,43.639583,-108.224953,Worland,
1307 COFFEEN AVE SHERIDAN WY 82801,870884,,41,1000MB/1000MB_Fiber,Null,Null,Sheridan,
1509 CLOUD PEAK DR WORLAND WY 82401,12117,,23,1000MB/1000MB_Fiber,44.024349,-107.947866,Worland,
401 E RAMSHORN DUBOIS WY 82513,45765,,3,1000MB/1000MB_Fiber,43.533462,-109.628269,DUBOIS,
1004 ARAPAHOE ST THERMOPOLIS WY 82443,8880,,21,1000MB/1000MB_Fiber,43.647695,-108.219197,Worland,
1607 E CLEVELAND ST SUNDANCE WY 82729,50668,,78,1000MB/1000MB_Fiber,44.41136,-104.363167,Forsyth,
516 MEADOWLARK LN WORLAND WY 82401,13260,,23,1000MB/1000MB_Fiber,44.02179,-107.943094,Worland,
117 4TH AVE NEWCASTLE WY 82701,27396,,17,1000MB/1000MB_Fiber,43.852169,-104.223169,Worland,
122 S U S HWY 20 LOT 25 THERMOPOLIS WY 82443,10058,,21,1000MB/1000MB_Fiber,43.635626,-108.224253,Worland,
Null,10525,,21,1000MB/1000MB_Fiber,43.647739,-108.219509,Worland,
620 S 3RD ST SUNDANCE WY 82729,50330,,78,1000MB/1000MB_Fiber,44.402496,-104.37685,Forsyth,
328 ROUNDUP AVE NEWCASTLE WY 82701,28386,,17,1000MB/1000MB_Fiber,43.847274,-104.202795,Worland,
110 W DARLINGTON RD NEWCASTLE WY 82701,29025,,17,1000MB/1000MB_Fiber,43.677036,-104.65504,Worland,
401 HORSE CREEK RD DUBOIS WY 82513,46365,,3,1000MB/1000MB_Fiber,43.538801,-109.634399,DUBOIS,
108 SUSAN KAY AVE THERMOPOLIS WY 82443,9114,,21,1000MB/1000MB_Fiber,43.639165,-108.225444,Worland,
515 SOLITUDE PL WORLAND WY 82401,13263,,23,1000MB/1000MB_Fiber,44.021965,-107.944038,Worland,
1044 ARAPAHOE ST THERMOPOLIS WY 82443,8879,,21,1000MB/1000MB_Fiber,43.647733,-108.220305,Worland,
1615 E CLEVELAND ST SUNDANCE WY 82729,50665,,78,1000MB/1000MB_Fiber,44.412773,-104.367501,Forsyth,
1615 E CLEVELAND ST APT 5 SUNDANCE WY 82729,50602,,78,1000MB/1000MB_Fiber,44.412565,-104.367589,Forsyth,
81 WAKELY RD SHERIDAN WY 82801,32186,,38,1000MB/1000MB_Fiber,44.82203,-106.883604,Forsyth,
208 E PARK ST UNIT 1 SUNDANCE WY 82729,50755,,78,1000MB/1000MB_Fiber,44.403042,-104.378012,Forsyth,
401 MILLER LN DUBOIS WY 82513,45815,,3,1000MB/1000MB_Fiber,43.532988,-109.63764,DUBOIS,
237 4TH AVE NEWCASTLE WY 82701,27342,,17,1000MB/1000MB_Fiber,43.853929,-104.223297,Worland,
1981 COUNTY ROAD 161 PINE BLUFFS WY 82082,5921,,19,1000MB/1000MB_Fiber,41.284719,-104.118026,Worland,
514 TETON PL WORLAND WY 82401,12162,,23,1000MB/1000MB_Fiber,44.02161,-107.947418,Worland,
263 ASH CREEK RD BUSBY MT 59016,945089,,29,1000MB/1000MB_Fiber,Null,Null,Forsyth,
1615 E CLEVELAND ST APT 4 SUNDANCE WY 82729,50603,,78,1000MB/1000MB_Fiber,44.412464,-104.367686,Forsyth,
110 SUSAN KAY AVE THERMOPOLIS WY 82443,9113,,21,1000MB/1000MB_Fiber,43.639022,-108.225431,Worland,
218 E WARREN ST LOT 4 THERMOPOLIS WY 82443,9894,,21,1000MB/1000MB_Fiber,43.645684,-108.196692,Worland,
1615 E CLEVELAND ST APT 3 SUNDANCE WY 82729,50604,,78,1000MB/1000MB_Fiber,44.412362,-104.367697,Forsyth,
Null,40778,,,1000MB/1000MB_Fiber,Null,Null,,
709 W MAIN ST NEWCASTLE WY 82701,27801,,17,1000MB/1000MB_Fiber,43.851849,-104.213498,Worland,
4066 I80 SERVICE RD LOT 55 BURNS WY 82503,940260,,9,1000MB/1000MB_Fiber,Null,Null,Worland,
513 WYOMING ST WORLAND WY 82401,13256,,23,1000MB/1000MB_Fiber,44.021467,-107.94105,Worland,
1615 E CLEVELAND ST APT 2 SUNDANCE WY 82729,50605,,78,1000MB/1000MB_Fiber,44.41226,-104.367691,Forsyth,
621 BLACK BLVD PINE BLUFFS WY 82082,5834,,19,1000MB/1000MB_Fiber,41.178091,-104.060427,Worland,
320 SONG DOG LN OSAGE WY 82723,26853,,17,1000MB/1000MB_Fiber,43.948267,-104.382702,Worland,
4066 I80 SERVICE RD LOT 66 BURNS WY 82053,940258,,9,1000MB/1000MB_Fiber,Null,Null,Worland,
112 SUSAN KAY AVE THERMOPOLIS WY 82443,9112,,21,1000MB/1000MB_Fiber,43.638813,-108.225425,Worland,
944 ARAPAHOE ST THERMOPOLIS WY 82443,8874,,21,1000MB/1000MB_Fiber,43.647698,-108.218628,Worland,
750 E 10TH ST PINE BLUFFS WY 82082,5862,,19,1000MB/1000MB_Fiber,41.17358,-104.058696,Worland,
513 SOLITUDE PL WORLAND WY 82401,13264,,23,1000MB/1000MB_Fiber,44.021773,-107.944243,Worland,
4066 I80 SERVICE RD LOT 65 BURNS WY 82053,940259,,9,1000MB/1000MB_Fiber,Null,Null,Worland,
1615 E CLEVELAND ST APT 1 SUNDANCE WY 82729,50606,,78,1000MB/1000MB_Fiber,44.412124,-104.367639,Forsyth,
117 1/2 CARTER AVE NEWCASTLE WY 82701,27875,,17,1000MB/1000MB_Fiber,43.852816,-104.212804,Worland,
1617 E CLEVELAND ST SUNDANCE WY 82729,50613,,78,1000MB/1000MB_Fiber,44.413909,-104.365788,Forsyth,
304 N WEST ST SUNDANCE WY 82729,49914,,78,1000MB/1000MB_Fiber,44.406435,-104.381778,Forsyth,
608 S 2ND ST SUNDANCE WY 82729,50255,,78,1000MB/1000MB_Fiber,44.4029,-104.378361,Forsyth,
401 N 1 DUBOIS WY 82513,46031,,3,1000MB/1000MB_Fiber,43.538368,-109.63046,DUBOIS,
106 SUSAN KAY AVE THERMOPOLIS WY 82443,9111,,21,1000MB/1000MB_Fiber,43.639407,-108.225463,Worland,
317 CAMBRIA ST NEWCASTLE WY 82701,27568,,17,1000MB/1000MB_Fiber,43.856431,-104.207416,Worland,
512 TETON PL WORLAND WY 82401,12163,,23,1000MB/1000MB_Fiber,44.021314,-107.947796,Worland,
Null,29435,,17,1000MB/1000MB_Fiber,43.845758,-104.18906,Worland,
211 E OAK ST SUNDANCE WY 82729,50266,,78,1000MB/1000MB_Fiber,44.40666,-104.381434,Forsyth,
223 E OAK ST SUNDANCE WY 82729,50267,,78,1000MB/1000MB_Fiber,44.406752,-104.381122,Forsyth,
205 E 4TH ST PINE BLUFFS WY 82082,5676,,38,1000MB/1000MB_Fiber,41.181044,-104.066322,Forsyth,
1509 CIRCLE RD WORLAND WY 82401,12188,,23,1000MB/1000MB_Fiber,44.020167,-107.947809,Worland,
401 W RAMSHORN DUBOIS WY 82513,45764,,3,1000MB/1000MB_Fiber,43.53368,-109.637305,DUBOIS,
297 SONG DOG LN OSAGE WY 82723,26851,,17,1000MB/1000MB_Fiber,43.947839,-104.384581,Worland,
107 CHEVY CHASE AVE THERMOPOLIS WY 82443,9241,,21,1000MB/1000MB_Fiber,43.639545,-108.22291,Worland,
510 TETON PL WORLAND WY 82401,12164,,23,1000MB/1000MB_Fiber,44.021361,-107.948155,Worland,
104 SUSAN KAY AVE THERMOPOLIS WY 82443,9110,,21,1000MB/1000MB_Fiber,43.639572,-108.225446,Worland,
705 PARK ST THERMOPOLIS WY 82443,8285,,21,1000MB/1000MB_Fiber,43.650378,-108.214146,Worland,
1122 S SUMMIT AVE NEWCASTLE WY 82701,28486,,17,1000MB/1000MB_Fiber,43.845696,-104.188838,Worland,
301 E OAK ST SUNDANCE WY 82729,50268,,78,1000MB/1000MB_Fiber,44.406914,-104.380652,Forsyth,
Null,40779,,,1000MB/1000MB_Fiber,Null,Null,,
2411 W MAIN ST NEWCASTLE WY 82701,27205,,17,1000MB/1000MB_Fiber,43.851978,-104.232601,Worland,
402 N WEST ST SUNDANCE WY 82729,50265,,78,1000MB/1000MB_Fiber,44.406991,-104.381847,Forsyth,
401 WASHAKIE DUBOIS WY 82513,46040,,3,1000MB/1000MB_Fiber,43.538309,-109.624595,DUBOIS,
509 SOLITUDE PL WORLAND WY 82401,13266,,23,1000MB/1000MB_Fiber,44.02156,-107.94359,Worland,
66 OLD HWY 85 RD NEWCASTLE WY 82701,28854,,17,1000MB/1000MB_Fiber,43.836489,-104.16696,Worland,
917 E 10TH ST PINE BLUFFS WY 82082,5870,,19,1000MB/1000MB_Fiber,41.175199,-104.056954,Worland,
102 SUSAN KAY AVE THERMOPOLIS WY 82443,9109,,21,1000MB/1000MB_Fiber,43.639767,-108.225452,Worland,
1309 COFFEEN AVE SHERIDAN WY 82801,879591,,41,1000MB/1000MB_Fiber,Null,Null,Sheridan,
115 6TH AVE NEWCASTLE WY 82701,27376,,17,1000MB/1000MB_Fiber,43.852021,-104.2254,Worland,
330 ROUNDUP AVE NEWCASTLE WY 82701,28387,,17,1000MB/1000MB_Fiber,43.84723,-104.202767,Worland,
402 HAYS DUBOIS WY 82513,46064,,3,1000MB/1000MB_Fiber,43.538327,-109.626701,DUBOIS,
401 E OAK ST SUNDANCE WY 82729,50801,,78,1000MB/1000MB_Fiber,44.407176,-104.379671,Forsyth,
508 MEADOWLARK LN WORLAND WY 82401,13259,,23,1000MB/1000MB_Fiber,44.021603,-107.943087,Worland,
306 MILLER ST PINE BLUFFS WY 82082,5613,,19,1000MB/1000MB_Fiber,41.181461,-104.07275,Worland,
218 E WARREN ST LOT 3 THERMOPOLIS WY 82443,9893,,21,1000MB/1000MB_Fiber,43.645675,-108.196842,Worland,
707 MAPLE ST PINE BLUFFS WY 82082,5650,,19,1000MB/1000MB_Fiber,41.176959,-104.063781,Worland,
316 E PARK ST SUNDANCE WY 82729,49923,,78,1000MB/1000MB_Fiber,44.402975,-104.376412,Forsyth,
402 N 1 DUBOIS WY 82513,46034,,3,1000MB/1000MB_Fiber,43.538381,-109.631056,DUBOIS,
309 E RYAN ST SUNDANCE WY 82729,50331,,78,1000MB/1000MB_Fiber,44.40247,-104.376386,Forsyth,
1123 ROBERTSON AVE WORLAND WY 82401,945609,,23,1000MB/1000MB_Fiber,Null,Null,Worland,
288 SONG DOG LN OSAGE WY 82723,26850,,17,1000MB/1000MB_Fiber,43.947447,-104.385191,Worland,
100 SUSAN KAY AVE THERMOPOLIS WY 82443,9108,,21,1000MB/1000MB_Fiber,43.639936,-108.225461,Worland,
507 WYOMING ST WORLAND WY 82401,13257,,23,1000MB/1000MB_Fiber,44.021284,-107.941118,Worland,
274 HAMMOND VALLEY RD FORSYTH MT 59327,36919,,25,1000MB/1000MB_Fiber,46.29759671,-106.8464461,Forsyth,
936 ARAPAHOE ST THERMOPOLIS WY 82443,8873,,21,1000MB/1000MB_Fiber,43.647677,-108.218447,Worland,
285 GOVERNMENT VALLEY RD SUNDANCE WY 82729,901581,,78,1000MB/1000MB_Fiber,44.453114,-104.35144,Forsyth,
421 HOWELL AVE WORLAND WY 82401,946173,,23,1000MB/1000MB_Fiber,Null,Null,Worland,
66 A OLD HWY 85 RD NEWCASTLE WY 82701,28904,,17,1000MB/1000MB_Fiber,43.836791,-104.16718,Worland,
407 MAIN ST PINE BLUFFS WY 82082,5463,,19,1000MB/1000MB_Fiber,41.180501,-104.067985,Worland,
290 LIMESTONE PIT RD SUNDANCE WY 82729,901674,,78,1000MB/1000MB_Fiber,44.4208,-104.3804,Forsyth,
1508 YELLOWSTONE AVE WORLAND WY 82401,12167,,23,1000MB/1000MB_Fiber,44.022196,-107.947898,Worland,
501 WYOMING ST WORLAND WY 82401,13258,,23,1000MB/1000MB_Fiber,44.021178,-107.941131,Worland,
58 A OLD HWY 85 RD NEWCASTLE WY 82701,28733,,17,1000MB/1000MB_Fiber,43.838611,-104.168551,Worland,
640 S 6TH ST WORLAND WY 82401,946157,,23,1000MB/1000MB_Fiber,Null,Null,Worland,
138 CHEVY CHASE AVE THERMOPOLIS WY 82443,9107,,21,1000MB/1000MB_Fiber,43.64032,-108.225332,Worland,
932 ARAPAHOE ST THERMOPOLIS WY 82443,8872,,21,1000MB/1000MB_Fiber,43.647677,-108.218257,Worland,
36 A OLD HWY 85 RD NEWCASTLE WY 82701,28649,,17,1000MB/1000MB_Fiber,43.841425,-104.172079,Worland,
300 W SINCLAIR ST GILLETTE WY 82718,63769,,43,1000MB/1000MB_Fiber,44.261751,-105.50732,Sheridan,
718 BROADWAY ST THERMOPOLIS WY 82443,8745,,21,1000MB/1000MB_Fiber,43.646463,-108.214518,Worland,
402 S 1 DUBOIS WY 82513,45964,,3,1000MB/1000MB_Fiber,43.529243,-109.627504,DUBOIS,
2009 ROBERTSON AVE LOT 16 WORLAND WY 82401,946126,,23,1000MB/1000MB_Fiber,Null,Null,Worland,
18 THREE BEARS RD NEWCASTLE WY 82701,28646,,17,1000MB/1000MB_Fiber,43.842566,-104.175154,Worland,
406 MEADOWLARK LN WORLAND WY 82401,13250,,23,1000MB/1000MB_Fiber,44.020479,-107.942879,Worland,
19 THREE BEARS RD NEWCASTLE WY 82701,28645,,17,1000MB/1000MB_Fiber,43.842346,-104.174963,Worland,
410 N 7 ST THERMOPOLIS WY 82443,8325,,21,1000MB/1000MB_Fiber,43.650038,-108.213859,Worland,
301 ARROWHEAD LN OSAGE WY 82723,29136,,17,1000MB/1000MB_Fiber,43.950175,-104.3832,Worland,
136 CHEVY CHASE AVE THERMOPOLIS WY 82443,9106,,21,1000MB/1000MB_Fiber,43.640303,-108.225015,Worland,
2009 ROBERTSON AVE LOT 15 WORLAND WY 82401,946125,,23,1000MB/1000MB_Fiber,Null,Null,Worland,
926 ARAPAHOE ST THERMOPOLIS WY 82443,8871,,21,1000MB/1000MB_Fiber,43.64768,-108.218113,Worland,
22 OLD HWY 85 RD NEWCASTLE WY 82701,28647,,17,1000MB/1000MB_Fiber,43.841987,-104.174768,Worland,
400 MEADOWLARK LN WORLAND WY 82401,13249,,23,1000MB/1000MB_Fiber,44.020323,-107.943087,Worland,
807 E MAIN ST SUNDANCE WY 82729,49737,,78,1000MB/1000MB_Fiber,44.408816,-104.372974,Forsyth,
7 CRUMP RD SUNDANCE WY 82729,49988,,78,1000MB/1000MB_Fiber,44.46453,-104.625555,Forsyth,
220 A GARMAN RD SUNDANCE WY 82729,50777,,78,1000MB/1000MB_Fiber,44.469204,-104.620764,Forsyth,
510 S 15TH ST WORLAND WY 82401,942798,,23,1000MB/1000MB_Fiber,Null,Null,Worland,
12 THREE BEARS RD NEWCASTLE WY ,28658,,17,1000MB/1000MB_Fiber,43.842241,-104.17615,Worland,
134 CHEVY CHASE AVE THERMOPOLIS WY 82443,9105,,21,1000MB/1000MB_Fiber,43.640316,-108.224811,Worland,
247 WILDCAT RD SHERIDAN WY 82801,32297,,38,1000MB/1000MB_Fiber,44.819599,-106.878115,Forsyth,
36 BIRD DIVIDE RD VOLBORG MT 59351,20870,,32,1000MB/1000MB_Fiber,45.78362049,-105.5841221,Forsyth,
1115 W MAIN ST NEWCASTLE WY 82701,27261,,17,1000MB/1000MB_Fiber,43.851384,-104.219916,Worland,
421 N 8TH ST WORLAND WY 82401,944116,,23,1000MB/1000MB_Fiber,Null,Null,Worland,
220 B GARMAN RD SUNDANCE WY 82729,50856,,78,1000MB/1000MB_Fiber,44.470343,-104.621018,Forsyth,
109 CHEVY CHASE AVE THERMOPOLIS WY 82443,9240,,21,1000MB/1000MB_Fiber,43.639676,-108.223073,Worland,
218 E WARREN ST LOT 2 THERMOPOLIS WY 82443,9932,,21,1000MB/1000MB_Fiber,43.64568,-108.196976,Worland,
408 N 7 ST THERMOPOLIS WY 82443,8324,,21,1000MB/1000MB_Fiber,43.64999,-108.213866,Worland,
307 HOUGH DUBOIS WY 82513,46261,,3,1000MB/1000MB_Fiber,43.5377,-109.627445,DUBOIS,
500 N 4TH ST WORLAND WY 82401,909959,,23,1000MB/1000MB_Fiber,Null,Null,Worland,
3845 A US HIGHWAY 16 NEWCASTLE WY 82701,26270,,17,1000MB/1000MB_Fiber,43.930918,-104.359436,Worland,
35 WRIGHT LN ROSEBUD MT 59347,39731,,33,1000MB/1000MB_Fiber,46.26984581,-106.3921291,Forsyth,
401 MEADOWLARK LN WORLAND WY 82401,925695,,23,1000MB/1000MB_Fiber,Null,Null,Worland,
123 CHEVY CHASE AVE THERMOPOLIS WY 82443,9104,,21,1000MB/1000MB_Fiber,43.639938,-108.224901,Worland,
912 ARAPAHOE ST THERMOPOLIS WY 82443,8870,,21,1000MB/1000MB_Fiber,43.647696,-108.217916,Worland,
325 S 2ND ST WORLAND WY 82401,945701,,23,1000MB/1000MB_Fiber,Null,Null,Worland,
110 JX BAR LN SUNDANCE WY 82729,50647,,78,1000MB/1000MB_Fiber,44.401581,-104.241401,Forsyth,
8 THREE BEARS RD NEWCASTLE WY 82701,28657,,17,1000MB/1000MB_Fiber,43.841888,-104.176446,Worland,
2201 S DOUGLAS HWY GILLETTE WY 82718,942291,,43,1000MB/1000MB_Fiber,Null,Null,Sheridan,
334 ROUNDUP AVE NEWCASTLE WY 82701,28389,,17,1000MB/1000MB_Fiber,43.847088,-104.202683,Worland,
207 E 5TH ST PINE BLUFFS WY 82082,5683,,19,1000MB/1000MB_Fiber,41.180023,-104.066619,Worland,
309 ROBERTSON AVE WORLAND WY 82401,945700,,23,1000MB/1000MB_Fiber,Null,Null,Worland,
359 WYOMING ST WORLAND WY 82401,13219,,23,1000MB/1000MB_Fiber,44.019841,-107.941444,Worland,
319 E RYAN ST SUNDANCE WY 82729,49924,,78,1000MB/1000MB_Fiber,44.402468,-104.376065,Forsyth,
74 JX BAR LN A SUNDANCE WY 82729,49421,,78,1000MB/1000MB_Fiber,44.4016,-104.2414,Forsyth,
212 SUNSET AVE THERMOPOLIS WY 82443,9103,,21,1000MB/1000MB_Fiber,43.638638,-108.224883,Worland,
1005 SUGARLAND DR SHERIDAN WY 82801,64598,,41,1000MB/1000MB_Fiber,Null,Null,Sheridan,
1202 PULLIAM AVE WORLAND WY 82401,942364,,23,1000MB/1000MB_Fiber,Null,Null,Worland,
321 CAMBRIA ST NEWCASTLE WY 82701,27570,,17,1000MB/1000MB_Fiber,43.856205,-104.207942,Worland,
5 DUFF AVE NEWCASTLE WY 82701,28656,,17,1000MB/1000MB_Fiber,43.842975,-104.177005,Worland,
321 N 14TH ST WORLAND WY 82401,12409,,23,1000MB/1000MB_Fiber,44.019613,-107.950569,Worland,
1735 S SUMMIT AVE NEWCASTLE WY 82701,28659,,17,1000MB/1000MB_Fiber,43.842708,-104.179141,Worland,
1731 S SUMMIT AVE NEWCASTLE WY 82701,28643,,17,1000MB/1000MB_Fiber,43.842804,-104.179426,Worland,
908 ARAPAHOE ST THERMOPOLIS WY 82443,8869,,21,1000MB/1000MB_Fiber,43.647671,-108.217713,Worland,
812 N 15TH ST WORLAND WY 82401,924887,,23,1000MB/1000MB_Fiber,Null,Null,Worland,
1508 CREST WAY WORLAND WY 82401,12191,,23,1000MB/1000MB_Fiber,44.020571,-107.947862,Worland,
3845 US HIGHWAY 16 NEWCASTLE WY 82701,29274,,17,1000MB/1000MB_Fiber,43.931412,-104.359172,Worland,
211 SUNSET AVE THERMOPOLIS WY 82443,9102,,21,1000MB/1000MB_Fiber,43.638269,-108.224714,Worland,
228 N 10TH ST WORLAND WY 82401,12778,,23,1000MB/1000MB_Fiber,44.018767,-107.955651,Worland,
715 1/2 ARAPAHOE ST THERMOPOLIS WY 82443,10516,,21,1000MB/1000MB_Fiber,43.64688,-108.214367,Worland,
402 WATSON DUBOIS WY 82513,45903,,3,1000MB/1000MB_Fiber,43.537418,-109.627506,DUBOIS,
1012 COBURN AVE WORLAND WY 82401,945571,,23,1000MB/1000MB_Fiber,Null,Null,Worland,
408 S 3RD ST THERMOPOLIS WY 82443,9618,,21,1000MB/1000MB_Fiber,43.642248,-108.207099,Worland,
45 HUMPHREY RD SUNDANCE WY 82729,49437,,78,1000MB/1000MB_Fiber,44.426,-104.4109,Forsyth,
913 E 10TH ST PINE BLUFFS WY 82082,5871,,19,1000MB/1000MB_Fiber,41.174532,-104.05714,Worland,
47 HUMPHREY RD SUNDANCE WY 82729,937461,,78,1000MB/1000MB_Fiber,44.426,-104.4102,Forsyth,
1714 GRAY BLVD NEWCASTLE WY 82701,28653,,17,1000MB/1000MB_Fiber,43.842962,-104.178356,Worland,
1018 BIG HORN AVE WORLAND WY 82401,922162,,23,1000MB/1000MB_Fiber,Null,Null,Worland,
1504 COUNTY ROAD 161 PINE BLUFFS WY 82082,5940,,19,1000MB/1000MB_Fiber,41.216284,-104.121041,Worland,
225 N 13TH ST WORLAND WY 82401,12882,,23,1000MB/1000MB_Fiber,44.018705,-107.951506,Worland,
88 LONGABAUGH RD SUNDANCE WY 82729,49436,,78,1000MB/1000MB_Fiber,44.4217,-104.4053,Forsyth,
11 V6 BAR RD VOLBORG MT 59351,20871,,32,1000MB/1000MB_Fiber,45.75002868,-105.6332198,Forsyth,
217 SUNSET AVE THERMOPOLIS WY 82443,9100,,21,1000MB/1000MB_Fiber,43.638198,-108.225189,Worland,
120 5TH AVE NEWCASTLE WY 82701,27383,,17,1000MB/1000MB_Fiber,43.852217,-104.224883,Worland,
2009 GREGG AVE WORLAND WY 82401,942442,,23,1000MB/1000MB_Fiber,Null,Null,Worland,
60 LONGABAUGH RD SUNDANCE WY 82729,50370,,78,1000MB/1000MB_Fiber,44.422949,-104.403751,Forsyth,
2711 S DOUGLAS HWY GILLETTE WY 82718,944137,,43,1000MB/1000MB_Fiber,Null,Null,Sheridan,
1710 GRAY BLVD NEWCASTLE WY 82701,28654,,17,1000MB/1000MB_Fiber,43.843101,-104.178709,Worland,
224 N 14TH ST WORLAND WY 82401,12811,,23,1000MB/1000MB_Fiber,44.018548,-107.95011,Worland,
218 E WARREN ST LOT 1 THERMOPOLIS WY 82443,9897,,21,1000MB/1000MB_Fiber,43.645654,-108.197128,Worland,
225 WARREN ST THERMOPOLIS WY 82443,9592,,21,1000MB/1000MB_Fiber,43.644665,-108.205878,Worland,
4046 US HIGHWAY 16 NEWCASTLE WY 82701,26920,,17,1000MB/1000MB_Fiber,43.904636,-104.357904,Worland,
221 E RYAN ST SUNDANCE WY 82729,50327,,78,1000MB/1000MB_Fiber,44.402432,-104.377481,Forsyth,
403 CLENDENNING DUBOIS WY 82513,46606,,3,1000MB/1000MB_Fiber,43.536001,-109.627459,DUBOIS,
219 SUNSET AVE THERMOPOLIS WY 82443,9099,,21,1000MB/1000MB_Fiber,43.638141,-108.225485,Worland,
904 ARAPAHOE ST THERMOPOLIS WY 82443,8868,,21,1000MB/1000MB_Fiber,43.647667,-108.217482,Worland,
1279 N MAIN ST LOT 5 PINE BLUFFS WY 82082,5378,,19,1000MB/1000MB_Fiber,41.18686439,-104.0737415,Worland,
2150 SOUTH FLAT RD WASHAKIE WY 82401,936060,,23,1000MB/1000MB_Fiber,Null,Null,Worland,
224 N 10TH ST WORLAND WY 82401,12759,,23,1000MB/1000MB_Fiber,44.018578,-107.955668,Worland,
60 LONGABAUGH RD UNIT 1 SUNDANCE WY 82729,49442,,78,1000MB/1000MB_Fiber,44.423018,-104.404056,Forsyth,
509 MARKET ST PINE BLUFFS WY 82082,5475,,19,1000MB/1000MB_Fiber,41.179258,-104.069355,Worland,
1797 SOUTH FLAT RD WASHAKIE WY 82401,63380,,23,1000MB/1000MB_Fiber,Null,Null,Worland,
62 LONGABAUGH RD SUNDANCE WY 82729,50670,,78,1000MB/1000MB_Fiber,44.42419,-104.403518,Forsyth,
2 DUFF AVE NEWCASTLE WY 82701,28642,,17,1000MB/1000MB_Fiber,43.842567,-104.17878,Worland,
902 S 14 ST THERMOPOLIS WY 82443,9096,,21,1000MB/1000MB_Fiber,43.637848,-108.226095,Worland,
844 ARAPAHOE ST THERMOPOLIS WY 82443,8967,,21,1000MB/1000MB_Fiber,43.647612,-108.216891,Worland,
221 N 13TH ST WORLAND WY 82401,12814,,23,1000MB/1000MB_Fiber,44.018314,-107.951524,Worland,
8 WILD BUNCH TRL SUNDANCE WY 82729,50371,,78,1000MB/1000MB_Fiber,44.419237,-104.391465,Forsyth,
399 N HIGHWAY 20 WASHAKIE WY 82401,63212,,23,1000MB/1000MB_Fiber,Null,Null,Worland,
810 CANYON RD SUNDANCE WY 82729,49440,,78,1000MB/1000MB_Fiber,44.421296,-104.388107,Forsyth,
1660 GRAY BLVD NEWCASTLE WY ,28632,,17,1000MB/1000MB_Fiber,43.84379,-104.180484,Worland,
1021 E 10TH ST PINE BLUFFS WY 82082,5872,,19,1000MB/1000MB_Fiber,41.173213,-104.056746,Worland,
1282 SOUTH FLAT RD WORLAND WY 82401,13798,,23,1000MB/1000MB_Fiber,43.996213,-107.969941,Worland,
2719 STATE HIGHWAY 585 SUNDANCE WY 82729,50716,,78,1000MB/1000MB_Fiber,44.399447,-104.361475,Forsyth,
908 S 14 ST THERMOPOLIS WY 82443,9095,,21,1000MB/1000MB_Fiber,43.637577,-108.226089,Worland,
220 N 10TH ST WORLAND WY 82401,12783,,23,1000MB/1000MB_Fiber,44.018482,-107.955674,Worland,
317 WILDCAT RD SHERIDAN WY 82801,32187,,38,1000MB/1000MB_Fiber,44.818506,-106.863845,Forsyth,
308 MILLER ST PINE BLUFFS WY 82082,6130,,19,1000MB/1000MB_Fiber,41.181302,-104.072775,Worland,
110 CHEVY CHASE AVE THERMOPOLIS WY 82443,9239,,21,1000MB/1000MB_Fiber,43.639894,-108.222582,Worland,
1213 ROBERTSON AVE WORLAND WY 82401,12844,,23,1000MB/1000MB_Fiber,44.018096,-107.952362,Worland,
802 S 11TH ST UNIT A SUNDANCE WY 82729,50878,,78,1000MB/1000MB_Fiber,44.399427,-104.364638,Forsyth,
605 W US HWY 30 PINE BLUFFS WY 82082,5595,,19,1000MB/1000MB_Fiber,41.179986,-104.076909,Worland,
2830 HWY 50 GILLETTE WY 82718,945351,,,1000MB/1000MB_Fiber,Null,Null,,
636 MONDELL ST THERMOPOLIS WY 82443,8453,,21,1000MB/1000MB_Fiber,43.649824,-108.213105,Worland,
403 MERCANTILE DUBOIS WY 82513,916685,,3,1000MB/1000MB_Fiber,Null,Null,DUBOIS,
1117 PATRIOT PL SUNDANCE WY 82729,50506,,78,1000MB/1000MB_Fiber,44.398258,-104.362125,Forsyth,
217 N 11TH ST WORLAND WY 82401,12775,,23,1000MB/1000MB_Fiber,44.018751,-107.954686,Worland,
834 ARAPAHOE ST THERMOPOLIS WY 82443,8968,,21,1000MB/1000MB_Fiber,43.64761,-108.216615,Worland,
4465 STATE HIGHWAY 450 NEWCASTLE WY 82701,29483,,,1000MB/1000MB_Fiber,43.66736942,-105.0688509,,
910 S 14 ST THERMOPOLIS WY 82443,9094,,21,1000MB/1000MB_Fiber,43.637388,-108.226105,Worland,
1447 SUGARLAND DR SHERIDAN WY 82801,64373,,41,1000MB/1000MB_Fiber,44.783151,-106.939776,Sheridan,
417 WALDEN AVE NEWCASTLE WY 82701,27572,,17,1000MB/1000MB_Fiber,43.85659,-104.207998,Worland,
400 S 6TH ST WORLAND WY 82401,63108,,23,1000MB/1000MB_Fiber,Null,Null,Worland,
1113 PATRIOT PL SUNDANCE WY 82729,50511,,78,1000MB/1000MB_Fiber,44.398281,-104.362731,Forsyth,
215 N 13TH ST WORLAND WY 82401,12853,,23,1000MB/1000MB_Fiber,44.018486,-107.951915,Worland,
1651 S SUMMIT AVE NEWCASTLE WY 82701,28655,,17,1000MB/1000MB_Fiber,43.843272,-104.180723,Worland,
216 E WARREN ST THERMOPOLIS WY 82443,9809,,21,1000MB/1000MB_Fiber,43.645631,-108.197317,Worland,
238 HAMMOND VALLEY RD FORSYTH MT 59327,36917,,25,1000MB/1000MB_Fiber,46.29722831,-106.8383943,Forsyth,
1229 LANE 12 1/2 WASHAKIE WY 82401,11953,,23,1000MB/1000MB_Fiber,43.993681,-107.97719,Worland,
1114 PATRIOT PL SUNDANCE WY 82729,50510,,78,1000MB/1000MB_Fiber,44.397729,-104.362985,Forsyth,
1501 CREST WAY WORLAND WY 82401,12159,,23,1000MB/1000MB_Fiber,44.02096,-107.948214,Worland,
1110 PATRIOT PL SUNDANCE WY 82729,50509,,78,1000MB/1000MB_Fiber,44.397743,-104.363567,Forsyth,
1340 F CANYON HILLS RD THERMOPOLIS WY 82443,9092,,21,1000MB/1000MB_Fiber,43.637811,-108.224977,Worland,
403 N 1 DUBOIS WY 82513,46032,,3,1000MB/1000MB_Fiber,43.538505,-109.630453,DUBOIS,
215 N 11TH ST WORLAND WY 82401,12758,,23,1000MB/1000MB_Fiber,44.018567,-107.954697,Worland,
1310 B LANE 12 WASHAKIE WY 82401,11957,,23,1000MB/1000MB_Fiber,44.0052,-107.971225,Worland,
304 OIL CREEK RD NEWCASTLE WY 82701,26858,,17,1000MB/1000MB_Fiber,43.923106,-104.289882,Worland,
1109 PATRIOT PL SUNDANCE WY 82729,50505,,78,1000MB/1000MB_Fiber,44.398335,-104.363466,Forsyth,
900 E 10TH ST PINE BLUFFS WY 82082,5876,,19,1000MB/1000MB_Fiber,41.174001,-104.057878,Worland,
411 MAIN ST PINE BLUFFS WY 82082,5465,,19,1000MB/1000MB_Fiber,41.180149,-104.068013,Worland,
826 ARAPAHOE ST THERMOPOLIS WY 82443,8969,,21,1000MB/1000MB_Fiber,43.647631,-108.216437,Worland,
332 ROUNDUP AVE NEWCASTLE WY 82701,28388,,17,1000MB/1000MB_Fiber,43.847137,-104.202712,Worland,
1310 A LANE 12 WASHAKIE WY 82401,11944,,23,1000MB/1000MB_Fiber,44.005661,-107.971224,Worland,
214 N 12TH ST WORLAND WY 82401,12849,,23,1000MB/1000MB_Fiber,44.018531,-107.952828,Worland,
3836 STATE HIGHWAY 450 NEWCASTLE WY 82701,29489,,17,1000MB/1000MB_Fiber,43.651227,-104.942239,Worland,
1340 E CANYON HILLS RD THERMOPOLIS WY 82443,9091,,21,1000MB/1000MB_Fiber,43.637746,-108.225375,Worland,
808 ARAPAHOE ST THERMOPOLIS WY 82443,8970,,21,1000MB/1000MB_Fiber,43.647719,-108.215803,Worland,
1105 PATRIOT PL SUNDANCE WY 82729,50512,,78,1000MB/1000MB_Fiber,44.398254,-104.364064,Forsyth,
408 FRONTAGE RD GILLETTE WY 82716,64530,,43,1000MB/1000MB_Fiber,Null,Null,Sheridan,
715 HOWELL AVE WORLAND WY 82401,14131,,23,1000MB/1000MB_Fiber,44.011935,-107.959157,Worland,
1647 S SUMMIT AVE NEWCASTLE WY 82701,28635,,17,1000MB/1000MB_Fiber,43.843408,-104.18111,Worland,
212 N 13TH ST WORLAND WY 82401,12851,,23,1000MB/1000MB_Fiber,44.018263,-107.951969,Worland,
1101 PATRIOT PL SUNDANCE WY 82729,50521,,78,1000MB/1000MB_Fiber,44.398318,-104.364565,Forsyth,
1219 TONGUE RIVER RD MILES CITY MT 59301,40058,,34,1000MB/1000MB_Fiber,46.08254325,-105.7774744,Forsyth,
213 E RYAN ST SUNDANCE WY 82729,50324,,78,1000MB/1000MB_Fiber,44.402465,-104.377873,Forsyth,
403 ROOSEVELT DUBOIS WY 82513,45871,,3,1000MB/1000MB_Fiber,43.538997,-109.627471,DUBOIS,
711 HOWELL AVE WORLAND WY 82401,14132,,23,1000MB/1000MB_Fiber,44.011951,-107.959347,Worland,
1008 S 11TH ST SUNDANCE WY 82729,50504,,78,1000MB/1000MB_Fiber,44.397537,-104.364798,Forsyth,
1118 LIBERTY LN SUNDANCE WY 82729,50507,,78,1000MB/1000MB_Fiber,44.396082,-104.362189,Forsyth,
1340 C CANYON HILLS RD THERMOPOLIS WY 82443,9089,,21,1000MB/1000MB_Fiber,43.637221,-108.2254,Worland,
309 ELM ST PINE BLUFFS WY 82082,5675,,38,1000MB/1000MB_Fiber,41.181273,-104.066627,Forsyth,
1114 LIBERTY LN SUNDANCE WY 82729,49430,,78,1000MB/1000MB_Fiber,44.395951,-104.362758,Forsyth,
212 N 11TH ST WORLAND WY 82401,12781,,23,1000MB/1000MB_Fiber,44.018461,-107.9542,Worland,
705 HOWELL AVE WORLAND WY 82401,13968,,23,1000MB/1000MB_Fiber,44.011938,-107.959553,Worland,
1645 S SUMMIT AVE NEWCASTLE WY 82701,28583,,17,1000MB/1000MB_Fiber,43.843516,-104.181441,Worland,
1117 LIBERTY LN SUNDANCE WY 82729,50508,,78,1000MB/1000MB_Fiber,44.396568,-104.362214,Forsyth,
406 N 7 ST THERMOPOLIS WY 82443,8323,,21,1000MB/1000MB_Fiber,43.649945,-108.213868,Worland,
3571 STATE HIGHWAY 450 NEWCASTLE WY 82701,29486,,17,1000MB/1000MB_Fiber,43.672365,-104.907424,Worland,
1333 CANYON HILLS RD THERMOPOLIS WY 82443,9087,,21,1000MB/1000MB_Fiber,43.636752,-108.224671,Worland,
126 5TH AVE NEWCASTLE WY 82701,27382,,17,1000MB/1000MB_Fiber,43.852411,-104.22485,Worland,
701 HOWELL AVE WORLAND WY 82401,13967,,23,1000MB/1000MB_Fiber,44.01196,-107.959699,Worland,
211 N 14TH ST WORLAND WY 82401,12813,,23,1000MB/1000MB_Fiber,44.018495,-107.950569,Worland,
1115 LIBERTY LN SUNDANCE WY 82729,49429,,78,1000MB/1000MB_Fiber,44.39664,-104.36281,Forsyth,
1110 LIBERTY LN SUNDANCE WY 82729,49431,,78,1000MB/1000MB_Fiber,44.396052,-104.363393,Forsyth,
202 E WARREN ST THERMOPOLIS WY 82443,9811,,21,1000MB/1000MB_Fiber,43.645713,-108.197732,Worland,
911 E 10TH ST PINE BLUFFS WY 82082,5887,,19,1000MB/1000MB_Fiber,41.174144,-104.057147,Worland,
604 S 4TH ST SUNDANCE WY 82729,49927,,78,1000MB/1000MB_Fiber,44.402951,-104.375338,Forsyth,
627 HOWELL AVE WORLAND WY 82401,13966,,23,1000MB/1000MB_Fiber,44.011939,-107.959938,Worland,
1106 LIBERTY LN SUNDANCE WY 82729,50542,,78,1000MB/1000MB_Fiber,44.396102,-104.36404,Forsyth,
716 MARKET ST PINE BLUFFS WY 82082,5537,,19,1000MB/1000MB_Fiber,41.177088,-104.070002,Worland,
210 N 14TH ST WORLAND WY 82401,12878,,23,1000MB/1000MB_Fiber,44.018731,-107.950581,Worland,
1221 TONGUE RIVER RD MILES CITY MT 59301,40059,,34,1000MB/1000MB_Fiber,46.0828,-105.7766,Forsyth,
403 WATSON DUBOIS WY 82513,46608,,3,1000MB/1000MB_Fiber,43.536979,-109.62747,DUBOIS,
220 LANE 3 THERMOPOLIS WY 82443,7783,,21,1000MB/1000MB_Fiber,43.630703,-108.234925,Worland,
621 HOWELL AVE WORLAND WY 82401,13965,,23,1000MB/1000MB_Fiber,44.01194,-107.960117,Worland,
728 MONDELL ST APT 2 THERMOPOLIS WY 82443,8356,,21,1000MB/1000MB_Fiber,43.649772,-108.214435,Worland,
1641 S SUMMIT AVE NEWCASTLE WY 82701,28602,,17,1000MB/1000MB_Fiber,43.843581,-104.18163,Worland,
205 W US HWY 30 PINE BLUFFS WY 82082,5403,,19,1000MB/1000MB_Fiber,41.183145,-104.070339,Worland,
501 S BURMA AV GILLETTE WY 82716,904746,,43,1000MB/1000MB_Fiber,Null,Null,Sheridan,
410 ELM ST PINE BLUFFS WY 82082,5689,,19,1000MB/1000MB_Fiber,41.180404,-104.067156,Worland,
210 N 11TH ST WORLAND WY 82401,12747,,23,1000MB/1000MB_Fiber,44.018327,-107.954252,Worland,
619 HOWELL AVE WORLAND WY 82401,14099,,23,1000MB/1000MB_Fiber,44.011958,-107.96031,Worland,
742 ARAPAHOE ST THERMOPOLIS WY 82443,8971,,21,1000MB/1000MB_Fiber,43.647629,-108.215138,Worland,
3571 STATE HIGHWAY 450 A NEWCASTLE WY 82701,29485,,17,1000MB/1000MB_Fiber,43.672516,-104.907887,Worland,
212 A HWY 20 S THERMOPOLIS WY 82433,7781,,21,1000MB/1000MB_Fiber,43.622215,-108.222056,Worland,
1450 COFFEEN AVE SHERIDAN WY 82801,64250,,41,1000MB/1000MB_Fiber,44.782402,-106.943258,Sheridan,
389 WILDCAT RD SHERIDAN WY 82801,32188,,38,1000MB/1000MB_Fiber,44.826749,-106.856446,Forsyth,
1102 LIBERTY LN SUNDANCE WY 82729,50674,,78,1000MB/1000MB_Fiber,44.396141,-104.36474,Forsyth,
613 HOWELL AVE WORLAND WY 82401,13963,,23,1000MB/1000MB_Fiber,44.011932,-107.960462,Worland,
210 N 10TH ST WORLAND WY 82401,12751,,23,1000MB/1000MB_Fiber,44.01824,-107.955576,Worland,
1018 S 11TH ST SUNDANCE WY 82729,50596,,78,1000MB/1000MB_Fiber,44.397017,-104.364834,Forsyth,
1319 S 11TH ST SUNDANCE WY 82729,49433,,78,1000MB/1000MB_Fiber,44.393173,-104.364812,Forsyth,
816 S 21ST ST SUNDANCE WY 82729,49721,,78,1000MB/1000MB_Fiber,44.400742,-104.35632,Forsyth,
224 WEST RD NEWCASTLE WY 82701,27332,,17,1000MB/1000MB_Fiber,43.853576,-104.222622,Worland,
404 LINCOLN DUBOIS WY 82513,45862,,3,1000MB/1000MB_Fiber,43.540413,-109.627334,DUBOIS,
519 HOWELL AVE WORLAND WY 82401,13867,,23,1000MB/1000MB_Fiber,44.011932,-107.961699,Worland,
1219 SUNSET ST NEWCASTLE WY 82701,27222,,17,1000MB/1000MB_Fiber,43.854728,-104.221111,Worland,
1639 S SUMMIT AVE NEWCASTLE WY 82701,28601,,17,1000MB/1000MB_Fiber,43.843655,-104.181778,Worland,
203 A HWY 20 S THERMOPOLIS WY 82443,10094,,21,1000MB/1000MB_Fiber,43.624333,-108.220353,Worland,
2167 TONGUE RIVER RD MILES CITY MT 59301,40067,,34,1000MB/1000MB_Fiber,46.01239791,-105.969509,Forsyth,
209 N 11TH ST WORLAND WY 82401,12757,,23,1000MB/1000MB_Fiber,44.018313,-107.954673,Worland,
210 S 1ST ST THERMOPOLIS WY 82443,9551,,21,1000MB/1000MB_Fiber,43.644436,-108.203198,Worland,
517 HOWELL AVE WORLAND WY 82401,14075,,23,1000MB/1000MB_Fiber,44.012066,-107.961729,Worland,
2007A E CLEVELAND ST SUNDANCE WY 82729,50664,,78,1000MB/1000MB_Fiber,44.413112,-104.357293,Forsyth,
122 1/2 N 21ST ST SUNDANCE WY 82729,49449,,78,1000MB/1000MB_Fiber,44.416319,-104.356841,Forsyth,
1637 S SUMMIT AVE NEWCASTLE WY 82701,28600,,17,1000MB/1000MB_Fiber,43.843739,-104.182033,Worland,
738 ARAPAHOE ST THERMOPOLIS WY 82443,10527,,21,1000MB/1000MB_Fiber,43.647624,-108.214951,Worland,
1501 CLOUD PEAK DR WORLAND WY 82401,12152,,23,1000MB/1000MB_Fiber,44.02436,-107.948269,Worland,
207 N 14TH ST WORLAND WY 82401,12812,,23,1000MB/1000MB_Fiber,44.018307,-107.950533,Worland,
511 HOWELL AVE WORLAND WY 82401,15546,,23,1000MB/1000MB_Fiber,44.011974,-107.961969,Worland,
3470 STATE HIGHWAY 450 NEWCASTLE WY 82701,29021,,17,1000MB/1000MB_Fiber,43.676357,-104.88629,Worland,
203 HWY 20 S THERMOPOLIS WY 82443,7771,,21,1000MB/1000MB_Fiber,43.624149,-108.220376,Worland,
425 WALDEN AVE NEWCASTLE WY 82701,27573,,17,1000MB/1000MB_Fiber,43.856798,-104.208039,Worland,
517 E 10TH ST PINE BLUFFS WY 82082,6107,,19,1000MB/1000MB_Fiber,41.174255,-104.061112,Worland,
504 E LAKEWAY RD GILLETTE WY 82718,903135,,43,1000MB/1000MB_Fiber,Null,Null,Sheridan,
120 CIRCLE DR THERMOPOLIS WY 82443,9238,,21,1000MB/1000MB_Fiber,43.640254,-108.222817,Worland,
506 HOWELL AVE WORLAND WY 82401,13866,,23,1000MB/1000MB_Fiber,44.011532,-107.96208,Worland,
2213 1/2 1/2 E CLEVELAND ST SUNDANCE WY 82729,50565,,78,1000MB/1000MB_Fiber,44.414148,-104.354477,Forsyth,
206 N 12TH ST WORLAND WY 82401,12850,,23,1000MB/1000MB_Fiber,44.018295,-107.952837,Worland,
2207 1/2 E CLEVELAND ST SUNDANCE WY 82729,50566,,78,1000MB/1000MB_Fiber,44.414151,-104.354278,Forsyth,
1631 S SUMMIT AVE NEWCASTLE WY 82701,28564,,17,1000MB/1000MB_Fiber,43.843883,-104.18244,Worland,
404 W RAMSHORN DUBOIS WY 82513,45766,,3,1000MB/1000MB_Fiber,43.534338,-109.637343,DUBOIS,
141 HIGH MILE RD SUNDANCE WY 82729,50651,,78,1000MB/1000MB_Fiber,44.414432,-104.354034,Forsyth,
505 HOWELL AVE WORLAND WY 82401,14074,,23,1000MB/1000MB_Fiber,44.012103,-107.96219,Worland,
205 HWY 20 S THERMOPOLIS WY  82443,946107,,21,1000MB/1000MB_Fiber,Null,Null,Worland,
212 E BROADWAY ST THERMOPOLIS WY 82443,9819,,21,1000MB/1000MB_Fiber,43.646686,-108.197312,Worland,
1279 N MAIN ST LOT 7 PINE BLUFFS WY 82082,5383,,19,1000MB/1000MB_Fiber,41.18679228,-104.0731878,Worland,
